// Auto-generated by /tmp/gen_cork_cpp.py -- DO NOT EDIT BY HAND.
// Mirrors the runtime load in the original converter.cpp:
//   corktounicode / unicode-cork-oneway / tmuniversaltounicode /
//   unicode-symbol-oneway / cork-unicode-oneway / symbol-unicode-*
//
// This file is included from inside `namespace lolly { namespace data {`
// in cork.cpp -- it must not reopen those namespaces.

// A slice into one of the byte pools below.
struct cork_slice { int off; int len; };

// codepoint < 128: {offset, len} into utf8_to_cork_ascii_pool.
// len==0 means the codepoint has no Cork mapping (passthrough).
static const cork_slice utf8_to_cork_ascii[128] = {
    {0, 0}, {0, 0}, {0, 0}, {0, 0},
    {0, 0}, {0, 0}, {0, 0}, {0, 0},
    {0, 0}, {0, 0}, {0, 0}, {0, 0},
    {0, 0}, {0, 0}, {0, 0}, {0, 0},
    {0, 0}, {0, 0}, {0, 0}, {0, 0},
    {0, 0}, {0, 0}, {0, 0}, {0, 0},
    {0, 0}, {0, 0}, {0, 0}, {0, 0},
    {0, 0}, {0, 0}, {0, 0}, {0, 0},
    {0, 1}, {1, 1}, {2, 1}, {3, 1},
    {4, 1}, {5, 1}, {6, 1}, {7, 1},
    {8, 1}, {9, 1}, {10, 1}, {11, 1},
    {12, 1}, {13, 1}, {14, 1}, {15, 1},
    {16, 1}, {17, 1}, {18, 1}, {19, 1},
    {20, 1}, {21, 1}, {22, 1}, {23, 1},
    {24, 1}, {25, 1}, {26, 1}, {27, 1},
    {28, 6}, {34, 1}, {35, 5}, {40, 1},
    {41, 1}, {42, 1}, {43, 1}, {44, 1},
    {45, 1}, {46, 1}, {47, 1}, {48, 1},
    {49, 1}, {50, 1}, {51, 1}, {52, 1},
    {53, 1}, {54, 1}, {55, 1}, {56, 1},
    {57, 1}, {58, 1}, {59, 1}, {60, 1},
    {61, 1}, {62, 1}, {63, 1}, {64, 1},
    {65, 1}, {66, 1}, {67, 1}, {68, 1},
    {69, 1}, {70, 1}, {71, 1}, {72, 1},
    {73, 1}, {74, 1}, {75, 1}, {76, 1},
    {77, 1}, {78, 1}, {79, 1}, {80, 1},
    {81, 1}, {82, 1}, {83, 1}, {84, 1},
    {85, 1}, {86, 1}, {87, 1}, {88, 1},
    {89, 1}, {90, 1}, {91, 1}, {92, 1},
    {93, 1}, {94, 1}, {95, 1}, {96, 1},
    {97, 1}, {98, 1}, {99, 1}, {100, 1},
    {101, 1}, {102, 1}, {103, 1}, {104, 0},
};
static const unsigned char utf8_to_cork_ascii_pool[104] = {
    0x20, 0x21, 0x22, 0x23, 0x24, 0x25, 0x26, 0x27, 0x28, 0x29, 0x2A, 0x2B, 0x2C, 0x2D, 0x2E, 0x2F,
    0x30, 0x31, 0x32, 0x33, 0x34, 0x35, 0x36, 0x37, 0x38, 0x39, 0x3A, 0x3B, 0x3C, 0x6C, 0x65, 0x73,
    0x73, 0x3E, 0x3D, 0x3C, 0x67, 0x74, 0x72, 0x3E, 0x3F, 0x40, 0x41, 0x42, 0x43, 0x44, 0x45, 0x46,
    0x47, 0x48, 0x49, 0x4A, 0x4B, 0x4C, 0x4D, 0x4E, 0x4F, 0x50, 0x51, 0x52, 0x53, 0x54, 0x55, 0x56,
    0x57, 0x58, 0x59, 0x5A, 0x5B, 0x5C, 0x5D, 0x5E, 0x5F, 0x00, 0x61, 0x62, 0x63, 0x64, 0x65, 0x66,
    0x67, 0x68, 0x69, 0x6A, 0x6B, 0x6C, 0x6D, 0x6E, 0x6F, 0x70, 0x71, 0x72, 0x73, 0x74, 0x75, 0x76,
    0x77, 0x78, 0x79, 0x7A, 0x7B, 0x7C, 0x7D, 0x7E,
};

static const int utf8_to_cork_cp_count = 1092;
static const uint32_t utf8_to_cork_cp_codepoints[1092] = {
    0x0000A0, 0x0000A1, 0x0000A2, 0x0000A3, 0x0000A4, 0x0000A5, 0x0000A6, 0x0000A7,
    0x0000A8, 0x0000A9, 0x0000AA, 0x0000AB, 0x0000AC, 0x0000AD, 0x0000AE, 0x0000AF,
    0x0000B0, 0x0000B1, 0x0000B2, 0x0000B3, 0x0000B4, 0x0000B5, 0x0000B6, 0x0000B7,
    0x0000B8, 0x0000B9, 0x0000BA, 0x0000BB, 0x0000BC, 0x0000BD, 0x0000BE, 0x0000BF,
    0x0000C0, 0x0000C1, 0x0000C2, 0x0000C3, 0x0000C4, 0x0000C5, 0x0000C6, 0x0000C7,
    0x0000C8, 0x0000C9, 0x0000CA, 0x0000CB, 0x0000CC, 0x0000CD, 0x0000CE, 0x0000CF,
    0x0000D0, 0x0000D1, 0x0000D2, 0x0000D3, 0x0000D4, 0x0000D5, 0x0000D6, 0x0000D7,
    0x0000D8, 0x0000D9, 0x0000DA, 0x0000DB, 0x0000DC, 0x0000DD, 0x0000DE, 0x0000DF,
    0x0000E0, 0x0000E1, 0x0000E2, 0x0000E3, 0x0000E4, 0x0000E5, 0x0000E6, 0x0000E7,
    0x0000E8, 0x0000E9, 0x0000EA, 0x0000EB, 0x0000EC, 0x0000ED, 0x0000EE, 0x0000EF,
    0x0000F0, 0x0000F1, 0x0000F2, 0x0000F3, 0x0000F4, 0x0000F5, 0x0000F6, 0x0000F7,
    0x0000F8, 0x0000F9, 0x0000FA, 0x0000FB, 0x0000FC, 0x0000FD, 0x0000FE, 0x0000FF,
    0x000102, 0x000103, 0x000104, 0x000105, 0x000106, 0x000107, 0x00010C, 0x00010D,
    0x00010E, 0x00010F, 0x000111, 0x000118, 0x000119, 0x00011A, 0x00011B, 0x00011E,
    0x00011F, 0x000130, 0x000131, 0x000132, 0x000133, 0x000139, 0x00013A, 0x00013D,
    0x00013E, 0x000141, 0x000142, 0x000143, 0x000144, 0x000147, 0x000148, 0x00014A,
    0x00014B, 0x000150, 0x000151, 0x000152, 0x000153, 0x000154, 0x000155, 0x000158,
    0x000159, 0x00015A, 0x00015B, 0x00015E, 0x00015F, 0x000160, 0x000161, 0x000162,
    0x000163, 0x000164, 0x000165, 0x00016E, 0x00016F, 0x000170, 0x000171, 0x000178,
    0x000179, 0x00017A, 0x00017B, 0x00017C, 0x00017D, 0x00017E, 0x0002C6, 0x0002C7,
    0x0002D8, 0x0002D9, 0x0002DA, 0x0002DB, 0x0002DC, 0x0002DD, 0x000391, 0x000392,
    0x000393, 0x000394, 0x000395, 0x000396, 0x000397, 0x000398, 0x000399, 0x00039A,
    0x00039B, 0x00039C, 0x00039D, 0x00039E, 0x00039F, 0x0003A0, 0x0003A1, 0x0003A3,
    0x0003A4, 0x0003A5, 0x0003A6, 0x0003A7, 0x0003A8, 0x0003A9, 0x0003B1, 0x0003B2,
    0x0003B3, 0x0003B4, 0x0003B5, 0x0003B6, 0x0003B7, 0x0003B8, 0x0003B9, 0x0003BA,
    0x0003BB, 0x0003BC, 0x0003BD, 0x0003BE, 0x0003BF, 0x0003C0, 0x0003C1, 0x0003C2,
    0x0003C3, 0x0003C4, 0x0003C5, 0x0003C6, 0x0003C7, 0x0003C8, 0x0003C9, 0x0003D1,
    0x0003D5, 0x0003D6, 0x0003DD, 0x0003F0, 0x0003F1, 0x0003F5, 0x0003F6, 0x002006,
    0x002009, 0x002010, 0x002011, 0x002013, 0x002014, 0x002016, 0x002018, 0x002019,
    0x00201A, 0x00201C, 0x00201D, 0x00201E, 0x002020, 0x002021, 0x002022, 0x002026,
    0x002030, 0x002031, 0x002032, 0x002035, 0x002039, 0x00203A, 0x002060, 0x002061,
    0x002062, 0x002063, 0x002064, 0x002102, 0x00210A, 0x00210B, 0x00210C, 0x00210D,
    0x00210F, 0x002110, 0x002111, 0x002112, 0x002113, 0x002115, 0x002118, 0x002119,
    0x00211A, 0x00211B, 0x00211C, 0x00211D, 0x002122, 0x002124, 0x002127, 0x002128,
    0x00212C, 0x00212D, 0x00212F, 0x002130, 0x002131, 0x002133, 0x002134, 0x002135,
    0x002136, 0x002137, 0x002138, 0x00213C, 0x002190, 0x002191, 0x002192, 0x002193,
    0x002194, 0x002195, 0x002196, 0x002197, 0x002198, 0x002199, 0x00219A, 0x00219B,
    0x00219C, 0x00219D, 0x00219E, 0x0021A0, 0x0021A2, 0x0021A3, 0x0021A4, 0x0021A6,
    0x0021A9, 0x0021AA, 0x0021AB, 0x0021AC, 0x0021AD, 0x0021AE, 0x0021AF, 0x0021B0,
    0x0021B1, 0x0021B6, 0x0021B7, 0x0021BA, 0x0021BB, 0x0021BC, 0x0021BD, 0x0021BE,
    0x0021BF, 0x0021C0, 0x0021C1, 0x0021C2, 0x0021C3, 0x0021C4, 0x0021C6, 0x0021C7,
    0x0021C8, 0x0021C9, 0x0021CA, 0x0021CB, 0x0021CC, 0x0021CD, 0x0021CE, 0x0021CF,
    0x0021D0, 0x0021D1, 0x0021D2, 0x0021D3, 0x0021D4, 0x0021D5, 0x0021DA, 0x0021DB,
    0x0021FD, 0x0021FE, 0x0021FF, 0x002200, 0x002201, 0x002202, 0x002203, 0x002204,
    0x002205, 0x002207, 0x002208, 0x002209, 0x00220B, 0x00220C, 0x00220F, 0x002210,
    0x002211, 0x002212, 0x002213, 0x002214, 0x002216, 0x002217, 0x002218, 0x00221A,
    0x00221D, 0x00221E, 0x002220, 0x002221, 0x002222, 0x002223, 0x002224, 0x002225,
    0x002226, 0x002227, 0x002228, 0x002229, 0x00222A, 0x00222B, 0x00222C, 0x00222D,
    0x00222E, 0x00222F, 0x002230, 0x002234, 0x002235, 0x00223C, 0x00223D, 0x002240,
    0x002241, 0x002242, 0x002243, 0x002244, 0x002245, 0x002247, 0x002248, 0x002249,
    0x00224A, 0x00224D, 0x00224E, 0x00224F, 0x002250, 0x002251, 0x002252, 0x002253,
    0x002254, 0x002256, 0x002257, 0x00225C, 0x002260, 0x002261, 0x002262, 0x002264,
    0x002265, 0x002266, 0x002267, 0x002268, 0x002269, 0x00226A, 0x00226B, 0x00226C,
    0x00226D, 0x00226E, 0x00226F, 0x002270, 0x002271, 0x002272, 0x002273, 0x002276,
    0x002277, 0x00227A, 0x00227B, 0x00227C, 0x00227D, 0x00227E, 0x00227F, 0x002280,
    0x002281, 0x002282, 0x002283, 0x002284, 0x002285, 0x002286, 0x002287, 0x002288,
    0x002289, 0x00228A, 0x00228B, 0x00228E, 0x00228F, 0x002290, 0x002291, 0x002292,
    0x002293, 0x002294, 0x002295, 0x002296, 0x002297, 0x002298, 0x002299, 0x00229A,
    0x00229B, 0x00229D, 0x00229E, 0x00229F, 0x0022A0, 0x0022A1, 0x0022A2, 0x0022A3,
    0x0022A4, 0x0022A5, 0x0022A7, 0x0022A8, 0x0022A9, 0x0022AA, 0x0022AC, 0x0022AD,
    0x0022AE, 0x0022AF, 0x0022B2, 0x0022B3, 0x0022B4, 0x0022B5, 0x0022B8, 0x0022BA,
    0x0022BB, 0x0022BC, 0x0022C0, 0x0022C1, 0x0022C2, 0x0022C3, 0x0022C4, 0x0022C5,
    0x0022C6, 0x0022C7, 0x0022C8, 0x0022C9, 0x0022CA, 0x0022CB, 0x0022CC, 0x0022CD,
    0x0022CE, 0x0022CF, 0x0022D0, 0x0022D1, 0x0022D2, 0x0022D3, 0x0022D4, 0x0022D6,
    0x0022D7, 0x0022D8, 0x0022D9, 0x0022DA, 0x0022DB, 0x0022DE, 0x0022DF, 0x0022E0,
    0x0022E1, 0x0022E2, 0x0022E3, 0x0022E6, 0x0022E7, 0x0022E8, 0x0022E9, 0x0022EA,
    0x0022EB, 0x0022EC, 0x0022ED, 0x0022EE, 0x0022EF, 0x0022F0, 0x0022F1, 0x002300,
    0x002305, 0x002306, 0x002308, 0x002309, 0x00230A, 0x00230B, 0x002310, 0x002315,
    0x002318, 0x00231C, 0x00231D, 0x00231E, 0x00231F, 0x002322, 0x002323, 0x002325,
    0x002329, 0x00232A, 0x002338, 0x002347, 0x002348, 0x002350, 0x002357, 0x00235E,
    0x002395, 0x0024C8, 0x0025A0, 0x0025A1, 0x0025AF, 0x0025B3, 0x0025B4, 0x0025B5,
    0x0025B8, 0x0025B9, 0x0025BD, 0x0025BE, 0x0025BF, 0x0025C2, 0x0025C3, 0x0025C7,
    0x0025CA, 0x0025CB, 0x0025CF, 0x0025D0, 0x0025D1, 0x0025D6, 0x0025D7, 0x0025EF,
    0x0025FD, 0x002605, 0x002609, 0x00260A, 0x00260B, 0x00260C, 0x00260D, 0x00260E,
    0x002610, 0x002611, 0x002612, 0x002639, 0x00263A, 0x00263B, 0x00263C, 0x00263D,
    0x00263E, 0x00263F, 0x002640, 0x002641, 0x002642, 0x002643, 0x002644, 0x002645,
    0x002646, 0x002647, 0x002648, 0x002649, 0x00264A, 0x00264B, 0x00264C, 0x00264D,
    0x00264E, 0x00264F, 0x002650, 0x002651, 0x002652, 0x002653, 0x002660, 0x002663,
    0x002665, 0x002666, 0x002669, 0x00266A, 0x00266B, 0x00266D, 0x00266E, 0x00266F,
    0x002713, 0x002720, 0x0027E6, 0x0027E7, 0x0027E8, 0x0027E9, 0x0027EA, 0x0027EB,
    0x0027F5, 0x0027F6, 0x0027F7, 0x0027F8, 0x0027F9, 0x0027FA, 0x0027FB, 0x0027FC,
    0x002940, 0x002941, 0x002987, 0x002988, 0x0029B5, 0x0029B6, 0x0029B8, 0x0029C4,
    0x0029C5, 0x0029C6, 0x0029C7, 0x0029C8, 0x0029EB, 0x002A00, 0x002A01, 0x002A02,
    0x002A04, 0x002A05, 0x002A06, 0x002A07, 0x002A1D, 0x002A3F, 0x002A7D, 0x002A7E,
    0x002A85, 0x002A86, 0x002A87, 0x002A88, 0x002A89, 0x002A8A, 0x002A8B, 0x002A8C,
    0x002A95, 0x002A96, 0x002AA6, 0x002AA7, 0x002AAF, 0x002AB0, 0x002AB5, 0x002AB6,
    0x002AB7, 0x002AB8, 0x002AB9, 0x002ABA, 0x002AC5, 0x002AC6, 0x002ACB, 0x002ACC,
    0x002AF4, 0x00FB00, 0x00FB01, 0x00FB02, 0x00FB03, 0x00FB04, 0x00FF0D, 0x00FF1D,
    0x01D15D, 0x01D15E, 0x01D400, 0x01D401, 0x01D402, 0x01D403, 0x01D404, 0x01D405,
    0x01D406, 0x01D407, 0x01D408, 0x01D409, 0x01D40A, 0x01D40B, 0x01D40C, 0x01D40D,
    0x01D40E, 0x01D40F, 0x01D410, 0x01D411, 0x01D412, 0x01D413, 0x01D414, 0x01D415,
    0x01D416, 0x01D417, 0x01D418, 0x01D419, 0x01D41A, 0x01D41B, 0x01D41C, 0x01D41D,
    0x01D41E, 0x01D41F, 0x01D420, 0x01D421, 0x01D422, 0x01D423, 0x01D424, 0x01D425,
    0x01D426, 0x01D427, 0x01D428, 0x01D429, 0x01D42A, 0x01D42B, 0x01D42C, 0x01D42D,
    0x01D42E, 0x01D42F, 0x01D430, 0x01D431, 0x01D432, 0x01D433, 0x01D468, 0x01D469,
    0x01D46A, 0x01D46B, 0x01D46C, 0x01D46D, 0x01D46E, 0x01D46F, 0x01D470, 0x01D471,
    0x01D472, 0x01D473, 0x01D474, 0x01D475, 0x01D476, 0x01D477, 0x01D478, 0x01D479,
    0x01D47A, 0x01D47B, 0x01D47C, 0x01D47D, 0x01D47E, 0x01D47F, 0x01D480, 0x01D481,
    0x01D482, 0x01D483, 0x01D484, 0x01D485, 0x01D486, 0x01D487, 0x01D488, 0x01D489,
    0x01D48A, 0x01D48B, 0x01D48C, 0x01D48D, 0x01D48E, 0x01D48F, 0x01D490, 0x01D491,
    0x01D492, 0x01D493, 0x01D494, 0x01D495, 0x01D496, 0x01D497, 0x01D498, 0x01D499,
    0x01D49A, 0x01D49B, 0x01D49C, 0x01D49E, 0x01D49F, 0x01D4A2, 0x01D4A5, 0x01D4A6,
    0x01D4A9, 0x01D4AA, 0x01D4AB, 0x01D4AC, 0x01D4AE, 0x01D4AF, 0x01D4B0, 0x01D4B1,
    0x01D4B2, 0x01D4B3, 0x01D4B4, 0x01D4B5, 0x01D4B6, 0x01D4B7, 0x01D4B8, 0x01D4B9,
    0x01D4BB, 0x01D4BD, 0x01D4BE, 0x01D4BF, 0x01D4C0, 0x01D4C1, 0x01D4C2, 0x01D4C3,
    0x01D4C5, 0x01D4C6, 0x01D4C7, 0x01D4C8, 0x01D4C9, 0x01D4CA, 0x01D4CB, 0x01D4CC,
    0x01D4CD, 0x01D4CE, 0x01D4CF, 0x01D4D0, 0x01D4D1, 0x01D4D2, 0x01D4D3, 0x01D4D4,
    0x01D4D5, 0x01D4D6, 0x01D4D7, 0x01D4D8, 0x01D4D9, 0x01D4DA, 0x01D4DB, 0x01D4DC,
    0x01D4DD, 0x01D4DE, 0x01D4DF, 0x01D4E0, 0x01D4E1, 0x01D4E2, 0x01D4E3, 0x01D4E4,
    0x01D4E5, 0x01D4E6, 0x01D4E7, 0x01D4E8, 0x01D4E9, 0x01D4EA, 0x01D4EB, 0x01D4EC,
    0x01D4ED, 0x01D4EE, 0x01D4EF, 0x01D4F0, 0x01D4F1, 0x01D4F2, 0x01D4F3, 0x01D4F4,
    0x01D4F5, 0x01D4F6, 0x01D4F7, 0x01D4F8, 0x01D4F9, 0x01D4FA, 0x01D4FB, 0x01D4FC,
    0x01D4FD, 0x01D4FE, 0x01D4FF, 0x01D500, 0x01D501, 0x01D502, 0x01D503, 0x01D504,
    0x01D505, 0x01D507, 0x01D508, 0x01D509, 0x01D50A, 0x01D50D, 0x01D50E, 0x01D50F,
    0x01D510, 0x01D511, 0x01D512, 0x01D513, 0x01D514, 0x01D516, 0x01D517, 0x01D518,
    0x01D519, 0x01D51A, 0x01D51B, 0x01D51C, 0x01D51E, 0x01D51F, 0x01D520, 0x01D521,
    0x01D522, 0x01D523, 0x01D524, 0x01D525, 0x01D526, 0x01D527, 0x01D528, 0x01D529,
    0x01D52A, 0x01D52B, 0x01D52C, 0x01D52D, 0x01D52E, 0x01D52F, 0x01D530, 0x01D531,
    0x01D532, 0x01D533, 0x01D534, 0x01D535, 0x01D536, 0x01D537, 0x01D538, 0x01D539,
    0x01D53B, 0x01D53C, 0x01D53D, 0x01D53E, 0x01D540, 0x01D541, 0x01D542, 0x01D543,
    0x01D544, 0x01D546, 0x01D54A, 0x01D54B, 0x01D54C, 0x01D54D, 0x01D54E, 0x01D54F,
    0x01D550, 0x01D552, 0x01D553, 0x01D554, 0x01D555, 0x01D556, 0x01D557, 0x01D558,
    0x01D559, 0x01D55A, 0x01D55B, 0x01D55C, 0x01D55D, 0x01D55E, 0x01D55F, 0x01D560,
    0x01D561, 0x01D562, 0x01D563, 0x01D564, 0x01D565, 0x01D566, 0x01D567, 0x01D568,
    0x01D569, 0x01D56A, 0x01D56B, 0x01D6A8, 0x01D6A9, 0x01D6AA, 0x01D6AB, 0x01D6AC,
    0x01D6AD, 0x01D6AE, 0x01D6AF, 0x01D6B0, 0x01D6B1, 0x01D6B2, 0x01D6B3, 0x01D6B4,
    0x01D6B5, 0x01D6B6, 0x01D6B7, 0x01D6B8, 0x01D6BA, 0x01D6BB, 0x01D6BC, 0x01D6BD,
    0x01D6BE, 0x01D6BF, 0x01D6C0, 0x01D6C2, 0x01D6C3, 0x01D6C4, 0x01D6C5, 0x01D6C6,
    0x01D6C7, 0x01D6C8, 0x01D6C9, 0x01D6CA, 0x01D6CB, 0x01D6CC, 0x01D6CD, 0x01D6CE,
    0x01D6CF, 0x01D6D0, 0x01D6D1, 0x01D6D2, 0x01D6D3, 0x01D6D4, 0x01D6D5, 0x01D6D6,
    0x01D6D7, 0x01D6D8, 0x01D6D9, 0x01D6DA, 0x01D6DC, 0x01D6DD, 0x01D6DE, 0x01D6DF,
    0x01D6E0, 0x01D6E1, 0x01D6FA, 0x01D736, 0x01D737, 0x01D738, 0x01D739, 0x01D73A,
    0x01D73B, 0x01D73C, 0x01D73D, 0x01D73E, 0x01D73F, 0x01D740, 0x01D741, 0x01D742,
    0x01D743, 0x01D744, 0x01D745, 0x01D746, 0x01D747, 0x01D748, 0x01D749, 0x01D74A,
    0x01D74B, 0x01D74C, 0x01D74D, 0x01D74E, 0x01D750, 0x01D751, 0x01D752, 0x01D753,
    0x01D754, 0x01D755, 0x01D7CE, 0x01D7CF, 0x01D7D0, 0x01D7D1, 0x01D7D2, 0x01D7D3,
    0x01D7D4, 0x01D7D5, 0x01D7D6, 0x01D7D7,
};
static const cork_slice utf8_to_cork_cp_values[1092] = {
    {0, 10}, {10, 1}, {11, 6}, {17, 1},
    {18, 10}, {28, 5}, {33, 12}, {45, 1},
    {46, 1}, {47, 11}, {58, 13}, {71, 1},
    {72, 5}, {77, 8}, {85, 10}, {95, 1},
    {96, 8}, {104, 4}, {108, 13}, {121, 15},
    {136, 1}, {137, 4}, {141, 11}, {152, 11},
    {163, 1}, {164, 13}, {177, 11}, {188, 1},
    {189, 12}, {201, 9}, {210, 15}, {225, 1},
    {226, 1}, {227, 1}, {228, 1}, {229, 1},
    {230, 1}, {231, 1}, {232, 1}, {233, 1},
    {234, 1}, {235, 1}, {236, 1}, {237, 1},
    {238, 1}, {239, 1}, {240, 1}, {241, 1},
    {242, 1}, {243, 1}, {244, 1}, {245, 1},
    {246, 1}, {247, 1}, {248, 1}, {249, 7},
    {256, 1}, {257, 1}, {258, 1}, {259, 1},
    {260, 1}, {261, 1}, {262, 1}, {263, 1},
    {264, 1}, {265, 1}, {266, 1}, {267, 1},
    {268, 1}, {269, 1}, {270, 1}, {271, 1},
    {272, 1}, {273, 1}, {274, 1}, {275, 1},
    {276, 1}, {277, 1}, {278, 1}, {279, 1},
    {280, 1}, {281, 1}, {282, 1}, {283, 1},
    {284, 1}, {285, 1}, {286, 1}, {287, 5},
    {292, 1}, {293, 1}, {294, 1}, {295, 1},
    {296, 1}, {297, 1}, {298, 1}, {299, 1},
    {300, 1}, {301, 1}, {302, 1}, {303, 1},
    {304, 1}, {305, 1}, {306, 1}, {307, 1},
    {308, 1}, {309, 1}, {310, 1}, {311, 1},
    {312, 1}, {313, 1}, {314, 1}, {315, 1},
    {316, 1}, {317, 1}, {318, 1}, {319, 1},
    {320, 1}, {321, 1}, {322, 1}, {323, 1},
    {324, 1}, {325, 1}, {326, 1}, {327, 1},
    {328, 1}, {329, 1}, {330, 1}, {331, 1},
    {332, 1}, {333, 1}, {334, 1}, {335, 1},
    {336, 1}, {337, 1}, {338, 1}, {339, 1},
    {340, 1}, {341, 1}, {342, 1}, {343, 1},
    {344, 1}, {345, 1}, {346, 1}, {347, 1},
    {348, 1}, {349, 1}, {350, 1}, {351, 1},
    {352, 1}, {353, 1}, {354, 1}, {355, 1},
    {356, 1}, {357, 1}, {358, 1}, {359, 1},
    {360, 1}, {361, 1}, {362, 1}, {363, 1},
    {364, 1}, {365, 1}, {366, 1}, {367, 1},
    {368, 1}, {369, 1}, {370, 7}, {377, 6},
    {383, 7}, {390, 7}, {397, 9}, {406, 6},
    {412, 5}, {417, 7}, {424, 6}, {430, 7},
    {437, 8}, {445, 4}, {449, 4}, {453, 4},
    {457, 9}, {466, 4}, {470, 5}, {475, 7},
    {482, 5}, {487, 9}, {496, 5}, {501, 5},
    {506, 5}, {511, 7}, {518, 7}, {525, 6},
    {531, 7}, {538, 7}, {545, 12}, {557, 6},
    {563, 5}, {568, 7}, {575, 6}, {581, 7},
    {588, 8}, {596, 4}, {600, 4}, {604, 4},
    {608, 9}, {617, 4}, {621, 5}, {626, 10},
    {636, 7}, {643, 5}, {648, 9}, {657, 8},
    {665, 5}, {670, 5}, {675, 7}, {682, 10},
    {692, 5}, {697, 7}, {704, 9}, {713, 10},
    {723, 8}, {731, 9}, {740, 13}, {753, 1},
    {754, 1}, {755, 1}, {756, 8}, {764, 1},
    {765, 1}, {766, 4}, {770, 1}, {771, 1},
    {772, 1}, {773, 1}, {774, 1}, {775, 1},
    {776, 8}, {784, 9}, {793, 8}, {801, 7},
    {808, 2}, {810, 3}, {813, 7}, {820, 11},
    {831, 1}, {832, 1}, {833, 1}, {834, 9},
    {843, 9}, {852, 9}, {861, 8}, {869, 7},
    {876, 7}, {883, 7}, {890, 8}, {898, 7},
    {905, 8}, {913, 7}, {920, 8}, {928, 7},
    {935, 5}, {940, 7}, {947, 4}, {951, 7},
    {958, 7}, {965, 7}, {972, 8}, {980, 7},
    {987, 11}, {998, 7}, {1005, 5}, {1010, 8},
    {1018, 7}, {1025, 8}, {1033, 7}, {1040, 7},
    {1047, 7}, {1054, 7}, {1061, 7}, {1068, 7},
    {1075, 6}, {1081, 7}, {1088, 8}, {1096, 9},
    {1105, 11}, {1116, 9}, {1125, 12}, {1137, 11},
    {1148, 16}, {1164, 13}, {1177, 9}, {1186, 9},
    {1195, 9}, {1204, 9}, {1213, 12}, {1225, 13},
    {1238, 16}, {1254, 17}, {1271, 18}, {1289, 19},
    {1308, 15}, {1323, 16}, {1339, 10}, {1349, 8},
    {1357, 15}, {1372, 16}, {1388, 15}, {1403, 16},
    {1419, 21}, {1440, 17}, {1457, 11}, {1468, 5},
    {1473, 5}, {1478, 16}, {1494, 17}, {1511, 17},
    {1528, 18}, {1546, 15}, {1561, 17}, {1578, 16},
    {1594, 15}, {1609, 16}, {1625, 18}, {1643, 18},
    {1661, 17}, {1678, 17}, {1695, 17}, {1712, 16},
    {1728, 12}, {1740, 18}, {1758, 16}, {1774, 19},
    {1793, 19}, {1812, 12}, {1824, 17}, {1841, 13},
    {1854, 11}, {1865, 9}, {1874, 12}, {1886, 11},
    {1897, 16}, {1913, 13}, {1926, 12}, {1938, 13},
    {1951, 19}, {1970, 20}, {1990, 24}, {2014, 8},
    {2022, 12}, {2034, 9}, {2043, 8}, {2051, 9},
    {2060, 10}, {2070, 7}, {2077, 4}, {2081, 5},
    {2086, 4}, {2090, 5}, {2095, 10}, {2105, 11},
    {2116, 9}, {2125, 7}, {2132, 4}, {2136, 9},
    {2145, 10}, {2155, 5}, {2160, 6}, {2166, 6},
    {2172, 8}, {2180, 7}, {2187, 7}, {2194, 15},
    {2209, 16}, {2225, 5}, {2230, 6}, {2236, 10},
    {2246, 11}, {2257, 7}, {2264, 5}, {2269, 5},
    {2274, 5}, {2279, 9}, {2288, 10}, {2298, 11},
    {2309, 10}, {2319, 11}, {2330, 12}, {2342, 11},
    {2353, 9}, {2362, 5}, {2367, 9}, {2376, 4},
    {2380, 6}, {2386, 7}, {2393, 7}, {2400, 8},
    {2408, 6}, {2414, 7}, {2421, 8}, {2429, 9},
    {2438, 10}, {2448, 7}, {2455, 8}, {2463, 8},
    {2471, 7}, {2478, 10}, {2488, 14}, {2502, 13},
    {2515, 8}, {2523, 8}, {2531, 8}, {2539, 11},
    {2550, 5}, {2555, 7}, {2562, 8}, {2570, 5},
    {2575, 5}, {2580, 6}, {2586, 6}, {2592, 7},
    {2599, 7}, {2606, 4}, {2610, 4}, {2614, 9},
    {2623, 8}, {2631, 7}, {2638, 6}, {2644, 6},
    {2650, 6}, {2656, 9}, {2665, 8}, {2673, 9},
    {2682, 9}, {2691, 6}, {2697, 6}, {2703, 13},
    {2716, 13}, {2729, 9}, {2738, 9}, {2747, 7},
    {2754, 7}, {2761, 8}, {2769, 8}, {2777, 9},
    {2786, 9}, {2795, 10}, {2805, 10}, {2815, 11},
    {2826, 11}, {2837, 11}, {2848, 11}, {2859, 7},
    {2866, 10}, {2876, 10}, {2886, 12}, {2898, 12},
    {2910, 7}, {2917, 7}, {2924, 10}, {2934, 11},
    {2945, 11}, {2956, 11}, {2967, 9}, {2976, 12},
    {2988, 9}, {2997, 13}, {3010, 9}, {3019, 10},
    {3029, 10}, {3039, 8}, {3047, 7}, {3054, 7},
    {3061, 5}, {3066, 5}, {3071, 8}, {3079, 7},
    {3086, 7}, {3093, 8}, {3101, 8}, {3109, 8},
    {3117, 8}, {3125, 8}, {3133, 17}, {3150, 18},
    {3168, 16}, {3184, 17}, {3201, 10}, {3211, 10},
    {3221, 8}, {3229, 10}, {3239, 11}, {3250, 9},
    {3259, 9}, {3268, 9}, {3277, 9}, {3286, 6},
    {3292, 6}, {3298, 15}, {3313, 6}, {3319, 8},
    {3327, 8}, {3335, 16}, {3351, 17}, {3368, 11},
    {3379, 10}, {3389, 12}, {3401, 8}, {3409, 8},
    {3417, 5}, {3422, 5}, {3427, 11}, {3438, 9},
    {3447, 8}, {3455, 5}, {3460, 5}, {3465, 11},
    {3476, 11}, {3487, 13}, {3500, 13}, {3513, 14},
    {3527, 14}, {3541, 13}, {3554, 13}, {3567, 7},
    {3574, 7}, {3581, 10}, {3591, 10}, {3601, 15},
    {3616, 16}, {3632, 17}, {3649, 18}, {3667, 7},
    {3674, 7}, {3681, 7}, {3688, 7}, {3695, 10},
    {3705, 10}, {3715, 16}, {3731, 7}, {3738, 7},
    {3745, 8}, {3753, 8}, {3761, 8}, {3769, 10},
    {3779, 24}, {3803, 10}, {3813, 10}, {3823, 10},
    {3833, 10}, {3843, 7}, {3850, 7}, {3857, 12},
    {3869, 8}, {3877, 8}, {3885, 12}, {3897, 17},
    {3914, 18}, {3932, 15}, {3947, 17}, {3964, 10},
    {3974, 8}, {3982, 10}, {3992, 13}, {4005, 8},
    {4013, 8}, {4021, 15}, {4036, 15}, {4051, 13},
    {4064, 20}, {4084, 15}, {4099, 17}, {4116, 19},
    {4135, 14}, {4149, 19}, {4168, 14}, {4182, 13},
    {4195, 9}, {4204, 8}, {4212, 8}, {4220, 12},
    {4232, 13}, {4245, 12}, {4257, 13}, {4270, 12},
    {4282, 8}, {4290, 9}, {4299, 10}, {4309, 9},
    {4318, 10}, {4328, 13}, {4341, 12}, {4353, 7},
    {4360, 9}, {4369, 6}, {4375, 12}, {4387, 9},
    {4396, 8}, {4404, 13}, {4417, 5}, {4422, 11},
    {4433, 10}, {4443, 9}, {4452, 8}, {4460, 7},
    {4467, 6}, {4473, 9}, {4482, 8}, {4490, 8},
    {4498, 9}, {4507, 7}, {4514, 7}, {4521, 8},
    {4529, 8}, {4537, 8}, {4545, 5}, {4550, 7},
    {4557, 7}, {4564, 9}, {4573, 13}, {4586, 13},
    {4599, 10}, {4609, 8}, {4617, 11}, {4628, 10},
    {4638, 11}, {4649, 13}, {4662, 13}, {4675, 12},
    {4687, 10}, {4697, 6}, {4703, 9}, {4712, 7},
    {4719, 11}, {4730, 9}, {4739, 11}, {4750, 11},
    {4761, 8}, {4769, 8}, {4777, 9}, {4786, 9},
    {4795, 15}, {4810, 16}, {4826, 20}, {4846, 15},
    {4861, 16}, {4877, 20}, {4897, 14}, {4911, 12},
    {4923, 10}, {4933, 11}, {4944, 15}, {4959, 15},
    {4974, 8}, {4982, 9}, {4991, 12}, {5003, 10},
    {5013, 11}, {5024, 8}, {5032, 11}, {5043, 8},
    {5051, 14}, {5065, 10}, {5075, 11}, {5086, 12},
    {5098, 13}, {5111, 11}, {5122, 11}, {5133, 7},
    {5140, 8}, {5148, 7}, {5155, 10}, {5165, 10},
    {5175, 12}, {5187, 11}, {5198, 6}, {5204, 6},
    {5210, 10}, {5220, 10}, {5230, 12}, {5242, 12},
    {5254, 13}, {5267, 12}, {5279, 11}, {5290, 12},
    {5302, 8}, {5310, 8}, {5318, 10}, {5328, 10},
    {5338, 12}, {5350, 12}, {5362, 13}, {5375, 13},
    {5388, 11}, {5399, 11}, {5410, 12}, {5422, 12},
    {5434, 12}, {5446, 1}, {5447, 1}, {5448, 1},
    {5449, 1}, {5450, 1}, {5451, 11}, {5462, 11},
    {5473, 10}, {5483, 10}, {5493, 8}, {5501, 8},
    {5509, 8}, {5517, 8}, {5525, 8}, {5533, 8},
    {5541, 8}, {5549, 8}, {5557, 8}, {5565, 8},
    {5573, 8}, {5581, 8}, {5589, 8}, {5597, 8},
    {5605, 8}, {5613, 8}, {5621, 8}, {5629, 8},
    {5637, 8}, {5645, 8}, {5653, 8}, {5661, 8},
    {5669, 8}, {5677, 8}, {5685, 8}, {5693, 8},
    {5701, 8}, {5709, 8}, {5717, 8}, {5725, 8},
    {5733, 8}, {5741, 8}, {5749, 8}, {5757, 8},
    {5765, 8}, {5773, 8}, {5781, 8}, {5789, 8},
    {5797, 8}, {5805, 8}, {5813, 8}, {5821, 8},
    {5829, 8}, {5837, 8}, {5845, 8}, {5853, 8},
    {5861, 8}, {5869, 8}, {5877, 8}, {5885, 8},
    {5893, 8}, {5901, 8}, {5909, 5}, {5914, 5},
    {5919, 5}, {5924, 5}, {5929, 5}, {5934, 5},
    {5939, 5}, {5944, 5}, {5949, 5}, {5954, 5},
    {5959, 5}, {5964, 5}, {5969, 5}, {5974, 5},
    {5979, 5}, {5984, 5}, {5989, 5}, {5994, 5},
    {5999, 5}, {6004, 5}, {6009, 5}, {6014, 5},
    {6019, 5}, {6024, 5}, {6029, 5}, {6034, 5},
    {6039, 5}, {6044, 5}, {6049, 5}, {6054, 5},
    {6059, 5}, {6064, 5}, {6069, 5}, {6074, 5},
    {6079, 5}, {6084, 5}, {6089, 5}, {6094, 5},
    {6099, 5}, {6104, 5}, {6109, 5}, {6114, 5},
    {6119, 5}, {6124, 5}, {6129, 5}, {6134, 5},
    {6139, 5}, {6144, 5}, {6149, 5}, {6154, 5},
    {6159, 5}, {6164, 5}, {6169, 7}, {6176, 7},
    {6183, 7}, {6190, 7}, {6197, 7}, {6204, 7},
    {6211, 7}, {6218, 7}, {6225, 7}, {6232, 7},
    {6239, 7}, {6246, 7}, {6253, 7}, {6260, 7},
    {6267, 7}, {6274, 7}, {6281, 7}, {6288, 7},
    {6295, 7}, {6302, 7}, {6309, 7}, {6316, 7},
    {6323, 7}, {6330, 7}, {6337, 7}, {6344, 7},
    {6351, 7}, {6358, 7}, {6365, 7}, {6372, 7},
    {6379, 7}, {6386, 7}, {6393, 7}, {6400, 7},
    {6407, 7}, {6414, 7}, {6421, 7}, {6428, 7},
    {6435, 7}, {6442, 7}, {6449, 7}, {6456, 9},
    {6465, 9}, {6474, 9}, {6483, 9}, {6492, 9},
    {6501, 9}, {6510, 9}, {6519, 9}, {6528, 9},
    {6537, 9}, {6546, 9}, {6555, 9}, {6564, 9},
    {6573, 9}, {6582, 9}, {6591, 9}, {6600, 9},
    {6609, 9}, {6618, 9}, {6627, 9}, {6636, 9},
    {6645, 9}, {6654, 9}, {6663, 9}, {6672, 9},
    {6681, 9}, {6690, 9}, {6699, 9}, {6708, 9},
    {6717, 9}, {6726, 9}, {6735, 9}, {6744, 9},
    {6753, 9}, {6762, 9}, {6771, 9}, {6780, 9},
    {6789, 9}, {6798, 9}, {6807, 9}, {6816, 9},
    {6825, 9}, {6834, 9}, {6843, 9}, {6852, 9},
    {6861, 9}, {6870, 9}, {6879, 9}, {6888, 9},
    {6897, 9}, {6906, 9}, {6915, 9}, {6924, 8},
    {6932, 8}, {6940, 8}, {6948, 8}, {6956, 8},
    {6964, 8}, {6972, 8}, {6980, 8}, {6988, 8},
    {6996, 8}, {7004, 8}, {7012, 8}, {7020, 8},
    {7028, 8}, {7036, 8}, {7044, 8}, {7052, 8},
    {7060, 8}, {7068, 8}, {7076, 8}, {7084, 8},
    {7092, 8}, {7100, 8}, {7108, 8}, {7116, 8},
    {7124, 8}, {7132, 8}, {7140, 8}, {7148, 8},
    {7156, 8}, {7164, 8}, {7172, 8}, {7180, 8},
    {7188, 8}, {7196, 8}, {7204, 8}, {7212, 8},
    {7220, 8}, {7228, 8}, {7236, 8}, {7244, 8},
    {7252, 8}, {7260, 8}, {7268, 8}, {7276, 8},
    {7284, 8}, {7292, 8}, {7300, 7}, {7307, 7},
    {7314, 7}, {7321, 7}, {7328, 7}, {7335, 7},
    {7342, 7}, {7349, 7}, {7356, 7}, {7363, 7},
    {7370, 7}, {7377, 7}, {7384, 7}, {7391, 7},
    {7398, 7}, {7405, 7}, {7412, 7}, {7419, 7},
    {7426, 7}, {7433, 7}, {7440, 7}, {7447, 7},
    {7454, 7}, {7461, 7}, {7468, 7}, {7475, 7},
    {7482, 7}, {7489, 7}, {7496, 7}, {7503, 7},
    {7510, 7}, {7517, 7}, {7524, 7}, {7531, 7},
    {7538, 7}, {7545, 7}, {7552, 7}, {7559, 7},
    {7566, 7}, {7573, 7}, {7580, 7}, {7587, 7},
    {7594, 7}, {7601, 7}, {7608, 7}, {7615, 9},
    {7624, 8}, {7632, 9}, {7641, 9}, {7650, 11},
    {7661, 8}, {7669, 7}, {7676, 9}, {7685, 8},
    {7693, 9}, {7702, 10}, {7712, 6}, {7718, 6},
    {7724, 6}, {7730, 11}, {7741, 6}, {7747, 7},
    {7754, 9}, {7763, 7}, {7770, 11}, {7781, 7},
    {7788, 7}, {7795, 7}, {7802, 9}, {7811, 12},
    {7823, 11}, {7834, 12}, {7846, 12}, {7858, 17},
    {7875, 11}, {7886, 10}, {7896, 12}, {7908, 11},
    {7919, 12}, {7931, 13}, {7944, 9}, {7953, 9},
    {7962, 9}, {7971, 14}, {7985, 9}, {7994, 10},
    {8004, 15}, {8019, 12}, {8031, 10}, {8041, 14},
    {8055, 13}, {8068, 10}, {8078, 10}, {8088, 12},
    {8100, 14}, {8114, 15}, {8129, 15}, {8144, 10},
    {8154, 13}, {8167, 12}, {8179, 10}, {8189, 9},
    {8198, 8}, {8206, 9}, {8215, 9}, {8224, 14},
    {8238, 8}, {8246, 7}, {8253, 9}, {8262, 8},
    {8270, 9}, {8279, 10}, {8289, 6}, {8295, 6},
    {8301, 6}, {8307, 11}, {8318, 6}, {8324, 7},
    {8331, 12}, {8343, 9}, {8352, 7}, {8359, 11},
    {8370, 10}, {8380, 7}, {8387, 7}, {8394, 9},
    {8403, 11}, {8414, 12}, {8426, 12}, {8438, 7},
    {8445, 10}, {8455, 9}, {8464, 5}, {8469, 5},
    {8474, 5}, {8479, 5}, {8484, 5}, {8489, 5},
    {8494, 5}, {8499, 5}, {8504, 5}, {8509, 5},
};
static const unsigned char utf8_to_cork_cp_value_pool[8514] = {
    0x3C, 0x76, 0x61, 0x72, 0x73, 0x70, 0x61, 0x63, 0x65, 0x3E, 0xBD, 0x3C, 0x63, 0x65, 0x6E, 0x74,
    0x3E, 0xBF, 0x3C, 0x63, 0x75, 0x72, 0x72, 0x65, 0x6E, 0x63, 0x79, 0x3E, 0x3C, 0x79, 0x65, 0x6E,
    0x3E, 0x3C, 0x62, 0x72, 0x6F, 0x6B, 0x65, 0x6E, 0x76, 0x65, 0x72, 0x74, 0x3E, 0x9F, 0x04, 0x3C,
    0x63, 0x6F, 0x70, 0x79, 0x72, 0x69, 0x67, 0x68, 0x74, 0x3E, 0x3C, 0x6F, 0x72, 0x64, 0x66, 0x65,
    0x6D, 0x69, 0x6E, 0x69, 0x6E, 0x65, 0x3E, 0x13, 0x3C, 0x6E, 0x65, 0x67, 0x3E, 0x3C, 0x68, 0x79,
    0x70, 0x68, 0x65, 0x6E, 0x3E, 0x3C, 0x63, 0x69, 0x72, 0x63, 0x6C, 0x65, 0x64, 0x52, 0x3E, 0x09,
    0x3C, 0x64, 0x65, 0x67, 0x72, 0x65, 0x65, 0x3E, 0x3C, 0x70, 0x6D, 0x3E, 0x3C, 0x74, 0x77, 0x6F,
    0x73, 0x75, 0x70, 0x65, 0x72, 0x69, 0x6F, 0x72, 0x3E, 0x3C, 0x74, 0x68, 0x72, 0x65, 0x65, 0x73,
    0x75, 0x70, 0x65, 0x72, 0x69, 0x6F, 0x72, 0x3E, 0x01, 0x3C, 0x6D, 0x75, 0x3E, 0x3C, 0x70, 0x61,
    0x72, 0x61, 0x67, 0x72, 0x61, 0x70, 0x68, 0x3E, 0x3C, 0x63, 0x65, 0x6E, 0x74, 0x65, 0x72, 0x64,
    0x6F, 0x74, 0x3E, 0x0B, 0x3C, 0x6F, 0x6E, 0x65, 0x73, 0x75, 0x70, 0x65, 0x72, 0x69, 0x6F, 0x72,
    0x3E, 0x3C, 0x6D, 0x61, 0x73, 0x63, 0x75, 0x6C, 0x69, 0x6E, 0x65, 0x3E, 0x14, 0x3C, 0x6F, 0x6E,
    0x65, 0x71, 0x75, 0x61, 0x72, 0x74, 0x65, 0x72, 0x3E, 0x3C, 0x6F, 0x6E, 0x65, 0x68, 0x61, 0x6C,
    0x66, 0x3E, 0x3C, 0x74, 0x68, 0x72, 0x65, 0x65, 0x71, 0x75, 0x61, 0x72, 0x74, 0x65, 0x72, 0x73,
    0x3E, 0xBE, 0xC0, 0xC1, 0xC2, 0xC3, 0xC4, 0xC5, 0xC6, 0xC7, 0xC8, 0xC9, 0xCA, 0xCB, 0xCC, 0xCD,
    0xCE, 0xCF, 0xD0, 0xD1, 0xD2, 0xD3, 0xD4, 0xD5, 0xD6, 0x3C, 0x74, 0x69, 0x6D, 0x65, 0x73, 0x3E,
    0xD8, 0xD9, 0xDA, 0xDB, 0xDC, 0xDD, 0xDE, 0xFF, 0xE0, 0xE1, 0xE2, 0xE3, 0xE4, 0xE5, 0xE6, 0xE7,
    0xE8, 0xE9, 0xEA, 0xEB, 0xEC, 0xED, 0xEE, 0xEF, 0xF0, 0xF1, 0xF2, 0xF3, 0xF4, 0xF5, 0xF6, 0x3C,
    0x64, 0x69, 0x76, 0x3E, 0xF8, 0xF9, 0xFA, 0xFB, 0xFC, 0xFD, 0xFE, 0xB8, 0x80, 0xA0, 0x81, 0xA1,
    0x82, 0xA2, 0x83, 0xA3, 0x84, 0xA4, 0x9E, 0x86, 0xA6, 0x85, 0xA5, 0x87, 0xA7, 0x9D, 0x19, 0x9C,
    0xBC, 0x88, 0xA8, 0x89, 0xA9, 0x8A, 0xAA, 0x8B, 0xAB, 0x8C, 0xAC, 0x8D, 0xAD, 0x8E, 0xAE, 0xD7,
    0xF7, 0x8F, 0xAF, 0x90, 0xB0, 0x91, 0xB1, 0x93, 0xB3, 0x92, 0xB2, 0x95, 0xB5, 0x94, 0xB4, 0x97,
    0xB7, 0x96, 0xB6, 0x98, 0x99, 0xB9, 0x9B, 0xBB, 0x9A, 0xBA, 0x02, 0x07, 0x08, 0x0A, 0x06, 0x0C,
    0x03, 0x05, 0x3C, 0x41, 0x6C, 0x70, 0x68, 0x61, 0x3E, 0x3C, 0x42, 0x65, 0x74, 0x61, 0x3E, 0x3C,
    0x47, 0x61, 0x6D, 0x6D, 0x61, 0x3E, 0x3C, 0x44, 0x65, 0x6C, 0x74, 0x61, 0x3E, 0x3C, 0x45, 0x70,
    0x73, 0x69, 0x6C, 0x6F, 0x6E, 0x3E, 0x3C, 0x5A, 0x65, 0x74, 0x61, 0x3E, 0x3C, 0x45, 0x74, 0x61,
    0x3E, 0x3C, 0x54, 0x68, 0x65, 0x74, 0x61, 0x3E, 0x3C, 0x49, 0x6F, 0x74, 0x61, 0x3E, 0x3C, 0x4B,
    0x61, 0x70, 0x70, 0x61, 0x3E, 0x3C, 0x4C, 0x61, 0x6D, 0x62, 0x64, 0x61, 0x3E, 0x3C, 0x4D, 0x75,
    0x3E, 0x3C, 0x4E, 0x75, 0x3E, 0x3C, 0x58, 0x69, 0x3E, 0x3C, 0x4F, 0x6D, 0x69, 0x63, 0x72, 0x6F,
    0x6E, 0x3E, 0x3C, 0x50, 0x69, 0x3E, 0x3C, 0x52, 0x68, 0x6F, 0x3E, 0x3C, 0x53, 0x69, 0x67, 0x6D,
    0x61, 0x3E, 0x3C, 0x54, 0x61, 0x75, 0x3E, 0x3C, 0x55, 0x70, 0x73, 0x69, 0x6C, 0x6F, 0x6E, 0x3E,
    0x3C, 0x50, 0x68, 0x69, 0x3E, 0x3C, 0x43, 0x68, 0x69, 0x3E, 0x3C, 0x50, 0x73, 0x69, 0x3E, 0x3C,
    0x4F, 0x6D, 0x65, 0x67, 0x61, 0x3E, 0x3C, 0x61, 0x6C, 0x70, 0x68, 0x61, 0x3E, 0x3C, 0x62, 0x65,
    0x74, 0x61, 0x3E, 0x3C, 0x67, 0x61, 0x6D, 0x6D, 0x61, 0x3E, 0x3C, 0x64, 0x65, 0x6C, 0x74, 0x61,
    0x3E, 0x3C, 0x76, 0x61, 0x72, 0x65, 0x70, 0x73, 0x69, 0x6C, 0x6F, 0x6E, 0x3E, 0x3C, 0x7A, 0x65,
    0x74, 0x61, 0x3E, 0x3C, 0x65, 0x74, 0x61, 0x3E, 0x3C, 0x74, 0x68, 0x65, 0x74, 0x61, 0x3E, 0x3C,
    0x69, 0x6F, 0x74, 0x61, 0x3E, 0x3C, 0x6B, 0x61, 0x70, 0x70, 0x61, 0x3E, 0x3C, 0x6C, 0x61, 0x6D,
    0x62, 0x64, 0x61, 0x3E, 0x3C, 0x6D, 0x75, 0x3E, 0x3C, 0x6E, 0x75, 0x3E, 0x3C, 0x78, 0x69, 0x3E,
    0x3C, 0x6F, 0x6D, 0x69, 0x63, 0x72, 0x6F, 0x6E, 0x3E, 0x3C, 0x70, 0x69, 0x3E, 0x3C, 0x72, 0x68,
    0x6F, 0x3E, 0x3C, 0x76, 0x61, 0x72, 0x73, 0x69, 0x67, 0x6D, 0x61, 0x3E, 0x3C, 0x73, 0x69, 0x67,
    0x6D, 0x61, 0x3E, 0x3C, 0x74, 0x61, 0x75, 0x3E, 0x3C, 0x75, 0x70, 0x73, 0x69, 0x6C, 0x6F, 0x6E,
    0x3E, 0x3C, 0x76, 0x61, 0x72, 0x70, 0x68, 0x69, 0x3E, 0x3C, 0x63, 0x68, 0x69, 0x3E, 0x3C, 0x70,
    0x73, 0x69, 0x3E, 0x3C, 0x6F, 0x6D, 0x65, 0x67, 0x61, 0x3E, 0x3C, 0x76, 0x61, 0x72, 0x74, 0x68,
    0x65, 0x74, 0x61, 0x3E, 0x3C, 0x70, 0x68, 0x69, 0x3E, 0x3C, 0x76, 0x61, 0x72, 0x70, 0x69, 0x3E,
    0x3C, 0x64, 0x69, 0x67, 0x61, 0x6D, 0x6D, 0x61, 0x3E, 0x3C, 0x76, 0x61, 0x72, 0x6B, 0x61, 0x70,
    0x70, 0x61, 0x3E, 0x3C, 0x76, 0x61, 0x72, 0x72, 0x68, 0x6F, 0x3E, 0x3C, 0x65, 0x70, 0x73, 0x69,
    0x6C, 0x6F, 0x6E, 0x3E, 0x3C, 0x62, 0x61, 0x63, 0x6B, 0x65, 0x70, 0x73, 0x69, 0x6C, 0x6F, 0x6E,
    0x3E, 0x20, 0x20, 0x7F, 0x3C, 0x6E, 0x62, 0x68, 0x79, 0x70, 0x68, 0x3E, 0x15, 0x16, 0x3C, 0x7C,
    0x7C, 0x3E, 0x60, 0x27, 0x0D, 0x10, 0x11, 0x12, 0x3C, 0x64, 0x61, 0x67, 0x67, 0x65, 0x72, 0x3E,
    0x3C, 0x64, 0x64, 0x61, 0x67, 0x67, 0x65, 0x72, 0x3E, 0x3C, 0x62, 0x75, 0x6C, 0x6C, 0x65, 0x74,
    0x3E, 0x3C, 0x6C, 0x64, 0x6F, 0x74, 0x73, 0x3E, 0x25, 0x18, 0x25, 0x18, 0x18, 0x3C, 0x70, 0x72,
    0x69, 0x6D, 0x65, 0x3E, 0x3C, 0x62, 0x61, 0x63, 0x6B, 0x70, 0x72, 0x69, 0x6D, 0x65, 0x3E, 0x0E,
    0x0F, 0x17, 0x3C, 0x6E, 0x6F, 0x73, 0x70, 0x61, 0x63, 0x65, 0x3E, 0x3C, 0x6E, 0x6F, 0x74, 0x69,
    0x6D, 0x65, 0x73, 0x3E, 0x3C, 0x6E, 0x6F, 0x63, 0x6F, 0x6D, 0x6D, 0x61, 0x3E, 0x3C, 0x6E, 0x6F,
    0x70, 0x6C, 0x75, 0x73, 0x3E, 0x3C, 0x62, 0x62, 0x62, 0x2D, 0x43, 0x3E, 0x3C, 0x63, 0x61, 0x6C,
    0x2D, 0x67, 0x3E, 0x3C, 0x63, 0x61, 0x6C, 0x2D, 0x48, 0x3E, 0x3C, 0x66, 0x72, 0x61, 0x6B, 0x2D,
    0x48, 0x3E, 0x3C, 0x62, 0x62, 0x62, 0x2D, 0x48, 0x3E, 0x3C, 0x68, 0x73, 0x6C, 0x61, 0x73, 0x68,
    0x3E, 0x3C, 0x63, 0x61, 0x6C, 0x2D, 0x49, 0x3E, 0x3C, 0x66, 0x72, 0x61, 0x6B, 0x2D, 0x49, 0x3E,
    0x3C, 0x63, 0x61, 0x6C, 0x2D, 0x4C, 0x3E, 0x3C, 0x65, 0x6C, 0x6C, 0x3E, 0x3C, 0x62, 0x62, 0x62,
    0x2D, 0x4E, 0x3E, 0x3C, 0x77, 0x70, 0x3E, 0x3C, 0x62, 0x62, 0x62, 0x2D, 0x50, 0x3E, 0x3C, 0x62,
    0x62, 0x62, 0x2D, 0x51, 0x3E, 0x3C, 0x63, 0x61, 0x6C, 0x2D, 0x52, 0x3E, 0x3C, 0x66, 0x72, 0x61,
    0x6B, 0x2D, 0x52, 0x3E, 0x3C, 0x62, 0x62, 0x62, 0x2D, 0x52, 0x3E, 0x3C, 0x74, 0x72, 0x61, 0x64,
    0x65, 0x6D, 0x61, 0x72, 0x6B, 0x3E, 0x3C, 0x62, 0x62, 0x62, 0x2D, 0x5A, 0x3E, 0x3C, 0x4D, 0x68,
    0x6F, 0x3E, 0x3C, 0x66, 0x72, 0x61, 0x6B, 0x2D, 0x5A, 0x3E, 0x3C, 0x63, 0x61, 0x6C, 0x2D, 0x42,
    0x3E, 0x3C, 0x66, 0x72, 0x61, 0x6B, 0x2D, 0x43, 0x3E, 0x3C, 0x63, 0x61, 0x6C, 0x2D, 0x65, 0x3E,
    0x3C, 0x63, 0x61, 0x6C, 0x2D, 0x45, 0x3E, 0x3C, 0x63, 0x61, 0x6C, 0x2D, 0x46, 0x3E, 0x3C, 0x63,
    0x61, 0x6C, 0x2D, 0x4D, 0x3E, 0x3C, 0x63, 0x61, 0x6C, 0x2D, 0x6F, 0x3E, 0x3C, 0x61, 0x6C, 0x65,
    0x70, 0x68, 0x3E, 0x3C, 0x62, 0x65, 0x74, 0x68, 0x3E, 0x3C, 0x67, 0x69, 0x6D, 0x65, 0x6C, 0x3E,
    0x3C, 0x64, 0x61, 0x6C, 0x65, 0x74, 0x68, 0x3E, 0x3C, 0x6D, 0x61, 0x74, 0x68, 0x70, 0x69, 0x2A,
    0x3E, 0x3C, 0x6C, 0x65, 0x66, 0x74, 0x61, 0x72, 0x72, 0x6F, 0x77, 0x3E, 0x3C, 0x75, 0x70, 0x61,
    0x72, 0x72, 0x6F, 0x77, 0x3E, 0x3C, 0x72, 0x69, 0x67, 0x68, 0x74, 0x61, 0x72, 0x72, 0x6F, 0x77,
    0x3E, 0x3C, 0x64, 0x6F, 0x77, 0x6E, 0x61, 0x72, 0x72, 0x6F, 0x77, 0x3E, 0x3C, 0x6C, 0x65, 0x66,
    0x74, 0x72, 0x69, 0x67, 0x68, 0x74, 0x61, 0x72, 0x72, 0x6F, 0x77, 0x3E, 0x3C, 0x75, 0x70, 0x64,
    0x6F, 0x77, 0x6E, 0x61, 0x72, 0x72, 0x6F, 0x77, 0x3E, 0x3C, 0x6E, 0x77, 0x61, 0x72, 0x72, 0x6F,
    0x77, 0x3E, 0x3C, 0x6E, 0x65, 0x61, 0x72, 0x72, 0x6F, 0x77, 0x3E, 0x3C, 0x73, 0x65, 0x61, 0x72,
    0x72, 0x6F, 0x77, 0x3E, 0x3C, 0x73, 0x77, 0x61, 0x72, 0x72, 0x6F, 0x77, 0x3E, 0x3C, 0x6E, 0x6C,
    0x65, 0x66, 0x74, 0x61, 0x72, 0x72, 0x6F, 0x77, 0x3E, 0x3C, 0x6E, 0x72, 0x69, 0x67, 0x68, 0x74,
    0x61, 0x72, 0x72, 0x6F, 0x77, 0x3E, 0x3C, 0x6C, 0x65, 0x66, 0x74, 0x73, 0x71, 0x75, 0x69, 0x67,
    0x61, 0x72, 0x72, 0x6F, 0x77, 0x3E, 0x3C, 0x72, 0x69, 0x67, 0x68, 0x74, 0x73, 0x71, 0x75, 0x69,
    0x67, 0x61, 0x72, 0x72, 0x6F, 0x77, 0x3E, 0x3C, 0x74, 0x77, 0x6F, 0x68, 0x65, 0x61, 0x64, 0x6C,
    0x65, 0x66, 0x74, 0x61, 0x72, 0x72, 0x6F, 0x77, 0x3E, 0x3C, 0x74, 0x77, 0x6F, 0x68, 0x65, 0x61,
    0x64, 0x72, 0x69, 0x67, 0x68, 0x74, 0x61, 0x72, 0x72, 0x6F, 0x77, 0x3E, 0x3C, 0x6C, 0x65, 0x66,
    0x74, 0x61, 0x72, 0x72, 0x6F, 0x77, 0x74, 0x61, 0x69, 0x6C, 0x3E, 0x3C, 0x72, 0x69, 0x67, 0x68,
    0x74, 0x61, 0x72, 0x72, 0x6F, 0x77, 0x74, 0x61, 0x69, 0x6C, 0x3E, 0x3C, 0x6D, 0x61, 0x70, 0x73,
    0x66, 0x72, 0x6F, 0x6D, 0x3E, 0x3C, 0x6D, 0x61, 0x70, 0x73, 0x74, 0x6F, 0x3E, 0x3C, 0x68, 0x6F,
    0x6F, 0x6B, 0x6C, 0x65, 0x66, 0x74, 0x61, 0x72, 0x72, 0x6F, 0x77, 0x3E, 0x3C, 0x68, 0x6F, 0x6F,
    0x6B, 0x72, 0x69, 0x67, 0x68, 0x74, 0x61, 0x72, 0x72, 0x6F, 0x77, 0x3E, 0x3C, 0x6C, 0x6F, 0x6F,
    0x70, 0x61, 0x72, 0x72, 0x6F, 0x77, 0x6C, 0x65, 0x66, 0x74, 0x3E, 0x3C, 0x6C, 0x6F, 0x6F, 0x70,
    0x61, 0x72, 0x72, 0x6F, 0x77, 0x72, 0x69, 0x67, 0x68, 0x74, 0x3E, 0x3C, 0x6C, 0x65, 0x66, 0x74,
    0x72, 0x69, 0x67, 0x68, 0x74, 0x73, 0x71, 0x75, 0x69, 0x67, 0x61, 0x72, 0x72, 0x6F, 0x77, 0x3E,
    0x3C, 0x6E, 0x6C, 0x65, 0x66, 0x74, 0x72, 0x69, 0x67, 0x68, 0x74, 0x61, 0x72, 0x72, 0x6F, 0x77,
    0x3E, 0x3C, 0x6C, 0x69, 0x67, 0x68, 0x74, 0x6E, 0x69, 0x6E, 0x67, 0x3E, 0x3C, 0x4C, 0x73, 0x68,
    0x3E, 0x3C, 0x52, 0x73, 0x68, 0x3E, 0x3C, 0x63, 0x75, 0x72, 0x76, 0x65, 0x61, 0x72, 0x72, 0x6F,
    0x77, 0x6C, 0x65, 0x66, 0x74, 0x3E, 0x3C, 0x63, 0x75, 0x72, 0x76, 0x65, 0x61, 0x72, 0x72, 0x6F,
    0x77, 0x72, 0x69, 0x67, 0x68, 0x74, 0x3E, 0x3C, 0x63, 0x69, 0x72, 0x63, 0x6C, 0x65, 0x61, 0x72,
    0x72, 0x6F, 0x77, 0x6C, 0x65, 0x66, 0x74, 0x3E, 0x3C, 0x63, 0x69, 0x72, 0x63, 0x6C, 0x65, 0x61,
    0x72, 0x72, 0x6F, 0x77, 0x72, 0x69, 0x67, 0x68, 0x74, 0x3E, 0x3C, 0x6C, 0x65, 0x66, 0x74, 0x68,
    0x61, 0x72, 0x70, 0x6F, 0x6F, 0x6E, 0x75, 0x70, 0x3E, 0x3C, 0x6C, 0x65, 0x66, 0x74, 0x68, 0x61,
    0x72, 0x70, 0x6F, 0x6F, 0x6E, 0x64, 0x6F, 0x77, 0x6E, 0x3E, 0x3C, 0x75, 0x70, 0x68, 0x61, 0x72,
    0x70, 0x6F, 0x6F, 0x6E, 0x72, 0x69, 0x67, 0x68, 0x74, 0x3E, 0x3C, 0x75, 0x70, 0x68, 0x61, 0x72,
    0x70, 0x6F, 0x6F, 0x6E, 0x6C, 0x65, 0x66, 0x74, 0x3E, 0x3C, 0x72, 0x69, 0x67, 0x68, 0x74, 0x68,
    0x61, 0x72, 0x70, 0x6F, 0x6F, 0x6E, 0x75, 0x70, 0x3E, 0x3C, 0x72, 0x69, 0x67, 0x68, 0x74, 0x68,
    0x61, 0x72, 0x70, 0x6F, 0x6F, 0x6E, 0x64, 0x6F, 0x77, 0x6E, 0x3E, 0x3C, 0x64, 0x6F, 0x77, 0x6E,
    0x68, 0x61, 0x72, 0x70, 0x6F, 0x6F, 0x6E, 0x72, 0x69, 0x67, 0x68, 0x74, 0x3E, 0x3C, 0x64, 0x6F,
    0x77, 0x6E, 0x68, 0x61, 0x72, 0x70, 0x6F, 0x6F, 0x6E, 0x6C, 0x65, 0x66, 0x74, 0x3E, 0x3C, 0x72,
    0x69, 0x67, 0x68, 0x74, 0x6C, 0x65, 0x66, 0x74, 0x61, 0x72, 0x72, 0x6F, 0x77, 0x73, 0x3E, 0x3C,
    0x6C, 0x65, 0x66, 0x74, 0x72, 0x69, 0x67, 0x68, 0x74, 0x61, 0x72, 0x72, 0x6F, 0x77, 0x73, 0x3E,
    0x3C, 0x6C, 0x65, 0x66, 0x74, 0x6C, 0x65, 0x66, 0x74, 0x61, 0x72, 0x72, 0x6F, 0x77, 0x73, 0x3E,
    0x3C, 0x75, 0x70, 0x75, 0x70, 0x61, 0x72, 0x72, 0x6F, 0x77, 0x73, 0x3E, 0x3C, 0x72, 0x69, 0x67,
    0x68, 0x74, 0x72, 0x69, 0x67, 0x68, 0x74, 0x61, 0x72, 0x72, 0x6F, 0x77, 0x73, 0x3E, 0x3C, 0x64,
    0x6F, 0x77, 0x6E, 0x64, 0x6F, 0x77, 0x6E, 0x61, 0x72, 0x72, 0x6F, 0x77, 0x73, 0x3E, 0x3C, 0x6C,
    0x65, 0x66, 0x74, 0x72, 0x69, 0x67, 0x68, 0x74, 0x68, 0x61, 0x72, 0x70, 0x6F, 0x6F, 0x6E, 0x73,
    0x3E, 0x3C, 0x72, 0x69, 0x67, 0x68, 0x74, 0x6C, 0x65, 0x66, 0x74, 0x68, 0x61, 0x72, 0x70, 0x6F,
    0x6F, 0x6E, 0x73, 0x3E, 0x3C, 0x6E, 0x4C, 0x65, 0x66, 0x74, 0x61, 0x72, 0x72, 0x6F, 0x77, 0x3E,
    0x3C, 0x6E, 0x4C, 0x65, 0x66, 0x74, 0x72, 0x69, 0x67, 0x68, 0x74, 0x61, 0x72, 0x72, 0x6F, 0x77,
    0x3E, 0x3C, 0x6E, 0x52, 0x69, 0x67, 0x68, 0x74, 0x61, 0x72, 0x72, 0x6F, 0x77, 0x3E, 0x3C, 0x4C,
    0x65, 0x66, 0x74, 0x61, 0x72, 0x72, 0x6F, 0x77, 0x3E, 0x3C, 0x55, 0x70, 0x61, 0x72, 0x72, 0x6F,
    0x77, 0x3E, 0x3C, 0x52, 0x69, 0x67, 0x68, 0x74, 0x61, 0x72, 0x72, 0x6F, 0x77, 0x3E, 0x3C, 0x44,
    0x6F, 0x77, 0x6E, 0x61, 0x72, 0x72, 0x6F, 0x77, 0x3E, 0x3C, 0x4C, 0x65, 0x66, 0x74, 0x72, 0x69,
    0x67, 0x68, 0x74, 0x61, 0x72, 0x72, 0x6F, 0x77, 0x3E, 0x3C, 0x55, 0x70, 0x64, 0x6F, 0x77, 0x6E,
    0x61, 0x72, 0x72, 0x6F, 0x77, 0x3E, 0x3C, 0x4C, 0x6C, 0x65, 0x66, 0x74, 0x61, 0x72, 0x72, 0x6F,
    0x77, 0x3E, 0x3C, 0x52, 0x72, 0x69, 0x67, 0x68, 0x74, 0x61, 0x72, 0x72, 0x6F, 0x77, 0x3E, 0x3C,
    0x6C, 0x65, 0x66, 0x74, 0x61, 0x72, 0x72, 0x6F, 0x77, 0x74, 0x72, 0x69, 0x61, 0x6E, 0x67, 0x6C,
    0x65, 0x3E, 0x3C, 0x72, 0x69, 0x67, 0x68, 0x74, 0x61, 0x72, 0x72, 0x6F, 0x77, 0x74, 0x72, 0x69,
    0x61, 0x6E, 0x67, 0x6C, 0x65, 0x3E, 0x3C, 0x6C, 0x65, 0x66, 0x74, 0x72, 0x69, 0x67, 0x68, 0x74,
    0x61, 0x72, 0x72, 0x6F, 0x77, 0x74, 0x72, 0x69, 0x61, 0x6E, 0x67, 0x6C, 0x65, 0x3E, 0x3C, 0x66,
    0x6F, 0x72, 0x61, 0x6C, 0x6C, 0x3E, 0x3C, 0x63, 0x6F, 0x6D, 0x70, 0x6C, 0x65, 0x6D, 0x65, 0x6E,
    0x74, 0x3E, 0x3C, 0x70, 0x61, 0x72, 0x74, 0x69, 0x61, 0x6C, 0x3E, 0x3C, 0x65, 0x78, 0x69, 0x73,
    0x74, 0x73, 0x3E, 0x3C, 0x6E, 0x65, 0x78, 0x69, 0x73, 0x74, 0x73, 0x3E, 0x3C, 0x65, 0x6D, 0x70,
    0x74, 0x79, 0x73, 0x65, 0x74, 0x3E, 0x3C, 0x6E, 0x61, 0x62, 0x6C, 0x61, 0x3E, 0x3C, 0x69, 0x6E,
    0x3E, 0x3C, 0x6E, 0x69, 0x6E, 0x3E, 0x3C, 0x6E, 0x69, 0x3E, 0x3C, 0x6E, 0x6E, 0x69, 0x3E, 0x3C,
    0x62, 0x69, 0x67, 0x2D, 0x70, 0x72, 0x6F, 0x64, 0x3E, 0x3C, 0x62, 0x69, 0x67, 0x2D, 0x61, 0x6D,
    0x61, 0x6C, 0x67, 0x3E, 0x3C, 0x62, 0x69, 0x67, 0x2D, 0x73, 0x75, 0x6D, 0x3E, 0x3C, 0x6D, 0x69,
    0x6E, 0x75, 0x73, 0x3E, 0x3C, 0x6D, 0x70, 0x3E, 0x3C, 0x64, 0x6F, 0x74, 0x70, 0x6C, 0x75, 0x73,
    0x3E, 0x3C, 0x73, 0x65, 0x74, 0x6D, 0x69, 0x6E, 0x75, 0x73, 0x3E, 0x3C, 0x61, 0x73, 0x74, 0x3E,
    0x3C, 0x63, 0x69, 0x72, 0x63, 0x3E, 0x3C, 0x73, 0x71, 0x72, 0x74, 0x3E, 0x3C, 0x70, 0x72, 0x6F,
    0x70, 0x74, 0x6F, 0x3E, 0x3C, 0x69, 0x6E, 0x66, 0x74, 0x79, 0x3E, 0x3C, 0x61, 0x6E, 0x67, 0x6C,
    0x65, 0x3E, 0x3C, 0x6D, 0x65, 0x61, 0x73, 0x75, 0x72, 0x65, 0x64, 0x61, 0x6E, 0x67, 0x6C, 0x65,
    0x3E, 0x3C, 0x73, 0x70, 0x68, 0x65, 0x72, 0x69, 0x63, 0x61, 0x6C, 0x61, 0x6E, 0x67, 0x6C, 0x65,
    0x3E, 0x3C, 0x6D, 0x69, 0x64, 0x3E, 0x3C, 0x6E, 0x6D, 0x69, 0x64, 0x3E, 0x3C, 0x70, 0x61, 0x72,
    0x61, 0x6C, 0x6C, 0x65, 0x6C, 0x3E, 0x3C, 0x6E, 0x70, 0x61, 0x72, 0x61, 0x6C, 0x6C, 0x65, 0x6C,
    0x3E, 0x3C, 0x77, 0x65, 0x64, 0x67, 0x65, 0x3E, 0x3C, 0x76, 0x65, 0x65, 0x3E, 0x3C, 0x63, 0x61,
    0x70, 0x3E, 0x3C, 0x63, 0x75, 0x70, 0x3E, 0x3C, 0x62, 0x69, 0x67, 0x2D, 0x69, 0x6E, 0x74, 0x3E,
    0x3C, 0x62, 0x69, 0x67, 0x2D, 0x69, 0x69, 0x6E, 0x74, 0x3E, 0x3C, 0x62, 0x69, 0x67, 0x2D, 0x69,
    0x69, 0x69, 0x6E, 0x74, 0x3E, 0x3C, 0x62, 0x69, 0x67, 0x2D, 0x6F, 0x69, 0x6E, 0x74, 0x3E, 0x3C,
    0x62, 0x69, 0x67, 0x2D, 0x6F, 0x69, 0x69, 0x6E, 0x74, 0x3E, 0x3C, 0x62, 0x69, 0x67, 0x2D, 0x6F,
    0x69, 0x69, 0x69, 0x6E, 0x74, 0x3E, 0x3C, 0x74, 0x68, 0x65, 0x72, 0x65, 0x66, 0x6F, 0x72, 0x65,
    0x3E, 0x3C, 0x62, 0x65, 0x63, 0x61, 0x75, 0x73, 0x65, 0x3E, 0x3C, 0x73, 0x69, 0x6D, 0x3E, 0x3C,
    0x62, 0x61, 0x63, 0x6B, 0x73, 0x69, 0x6D, 0x3E, 0x3C, 0x77, 0x72, 0x3E, 0x3C, 0x6E, 0x73, 0x69,
    0x6D, 0x3E, 0x3C, 0x65, 0x71, 0x73, 0x69, 0x6D, 0x3E, 0x3C, 0x73, 0x69, 0x6D, 0x65, 0x71, 0x3E,
    0x3C, 0x6E, 0x73, 0x69, 0x6D, 0x65, 0x71, 0x3E, 0x3C, 0x63, 0x6F, 0x6E, 0x67, 0x3E, 0x3C, 0x6E,
    0x63, 0x6F, 0x6E, 0x67, 0x3E, 0x3C, 0x61, 0x70, 0x70, 0x72, 0x6F, 0x78, 0x3E, 0x3C, 0x6E, 0x61,
    0x70, 0x70, 0x72, 0x6F, 0x78, 0x3E, 0x3C, 0x61, 0x70, 0x70, 0x72, 0x6F, 0x78, 0x65, 0x71, 0x3E,
    0x3C, 0x61, 0x73, 0x79, 0x6D, 0x70, 0x3E, 0x3C, 0x42, 0x75, 0x6D, 0x70, 0x65, 0x71, 0x3E, 0x3C,
    0x62, 0x75, 0x6D, 0x70, 0x65, 0x71, 0x3E, 0x3C, 0x64, 0x6F, 0x74, 0x65, 0x71, 0x3E, 0x3C, 0x64,
    0x6F, 0x74, 0x65, 0x71, 0x64, 0x6F, 0x74, 0x3E, 0x3C, 0x66, 0x61, 0x6C, 0x6C, 0x69, 0x6E, 0x67,
    0x64, 0x6F, 0x74, 0x65, 0x71, 0x3E, 0x3C, 0x72, 0x69, 0x73, 0x69, 0x6E, 0x67, 0x64, 0x6F, 0x74,
    0x65, 0x71, 0x3E, 0x3C, 0x61, 0x73, 0x73, 0x69, 0x67, 0x6E, 0x3E, 0x3C, 0x65, 0x71, 0x63, 0x69,
    0x72, 0x63, 0x3E, 0x3C, 0x63, 0x69, 0x72, 0x63, 0x65, 0x71, 0x3E, 0x3C, 0x74, 0x72, 0x69, 0x61,
    0x6E, 0x67, 0x6C, 0x65, 0x71, 0x3E, 0x3C, 0x6E, 0x65, 0x71, 0x3E, 0x3C, 0x65, 0x71, 0x75, 0x69,
    0x76, 0x3E, 0x3C, 0x6E, 0x65, 0x71, 0x75, 0x69, 0x76, 0x3E, 0x3C, 0x6C, 0x65, 0x71, 0x3E, 0x3C,
    0x67, 0x65, 0x71, 0x3E, 0x3C, 0x6C, 0x65, 0x71, 0x71, 0x3E, 0x3C, 0x67, 0x65, 0x71, 0x71, 0x3E,
    0x3C, 0x6C, 0x6E, 0x65, 0x71, 0x71, 0x3E, 0x3C, 0x67, 0x6E, 0x65, 0x71, 0x71, 0x3E, 0x3C, 0x6C,
    0x6C, 0x3E, 0x3C, 0x67, 0x67, 0x3E, 0x3C, 0x62, 0x65, 0x74, 0x77, 0x65, 0x65, 0x6E, 0x3E, 0x3C,
    0x6E, 0x61, 0x73, 0x79, 0x6D, 0x70, 0x3E, 0x3C, 0x6E, 0x6C, 0x65, 0x73, 0x73, 0x3E, 0x3C, 0x6E,
    0x67, 0x74, 0x72, 0x3E, 0x3C, 0x6E, 0x6C, 0x65, 0x71, 0x3E, 0x3C, 0x6E, 0x67, 0x65, 0x71, 0x3E,
    0x3C, 0x6C, 0x65, 0x73, 0x73, 0x73, 0x69, 0x6D, 0x3E, 0x3C, 0x67, 0x74, 0x72, 0x73, 0x69, 0x6D,
    0x3E, 0x3C, 0x6C, 0x65, 0x73, 0x73, 0x67, 0x74, 0x72, 0x3E, 0x3C, 0x67, 0x74, 0x72, 0x6C, 0x65,
    0x73, 0x73, 0x3E, 0x3C, 0x70, 0x72, 0x65, 0x63, 0x3E, 0x3C, 0x73, 0x75, 0x63, 0x63, 0x3E, 0x3C,
    0x70, 0x72, 0x65, 0x63, 0x63, 0x75, 0x72, 0x6C, 0x79, 0x65, 0x71, 0x3E, 0x3C, 0x73, 0x75, 0x63,
    0x63, 0x63, 0x75, 0x72, 0x6C, 0x79, 0x65, 0x71, 0x3E, 0x3C, 0x70, 0x72, 0x65, 0x63, 0x73, 0x69,
    0x6D, 0x3E, 0x3C, 0x73, 0x75, 0x63, 0x63, 0x73, 0x69, 0x6D, 0x3E, 0x3C, 0x6E, 0x70, 0x72, 0x65,
    0x63, 0x3E, 0x3C, 0x6E, 0x73, 0x75, 0x63, 0x63, 0x3E, 0x3C, 0x73, 0x75, 0x62, 0x73, 0x65, 0x74,
    0x3E, 0x3C, 0x73, 0x75, 0x70, 0x73, 0x65, 0x74, 0x3E, 0x3C, 0x6E, 0x73, 0x75, 0x62, 0x73, 0x65,
    0x74, 0x3E, 0x3C, 0x6E, 0x73, 0x75, 0x70, 0x73, 0x65, 0x74, 0x3E, 0x3C, 0x73, 0x75, 0x62, 0x73,
    0x65, 0x74, 0x65, 0x71, 0x3E, 0x3C, 0x73, 0x75, 0x70, 0x73, 0x65, 0x74, 0x65, 0x71, 0x3E, 0x3C,
    0x6E, 0x73, 0x75, 0x62, 0x73, 0x65, 0x74, 0x65, 0x71, 0x3E, 0x3C, 0x6E, 0x73, 0x75, 0x70, 0x73,
    0x65, 0x74, 0x65, 0x71, 0x3E, 0x3C, 0x73, 0x75, 0x62, 0x73, 0x65, 0x74, 0x6E, 0x65, 0x71, 0x3E,
    0x3C, 0x73, 0x75, 0x70, 0x73, 0x65, 0x74, 0x6E, 0x65, 0x71, 0x3E, 0x3C, 0x75, 0x70, 0x6C, 0x75,
    0x73, 0x3E, 0x3C, 0x73, 0x71, 0x73, 0x75, 0x62, 0x73, 0x65, 0x74, 0x3E, 0x3C, 0x73, 0x71, 0x73,
    0x75, 0x70, 0x73, 0x65, 0x74, 0x3E, 0x3C, 0x73, 0x71, 0x73, 0x75, 0x62, 0x73, 0x65, 0x74, 0x65,
    0x71, 0x3E, 0x3C, 0x73, 0x71, 0x73, 0x75, 0x70, 0x73, 0x65, 0x74, 0x65, 0x71, 0x3E, 0x3C, 0x73,
    0x71, 0x63, 0x61, 0x70, 0x3E, 0x3C, 0x73, 0x71, 0x63, 0x75, 0x70, 0x3E, 0x3C, 0x76, 0x61, 0x72,
    0x6F, 0x70, 0x6C, 0x75, 0x73, 0x3E, 0x3C, 0x76, 0x61, 0x72, 0x6F, 0x6D, 0x69, 0x6E, 0x75, 0x73,
    0x3E, 0x3C, 0x76, 0x61, 0x72, 0x6F, 0x74, 0x69, 0x6D, 0x65, 0x73, 0x3E, 0x3C, 0x76, 0x61, 0x72,
    0x6F, 0x73, 0x6C, 0x61, 0x73, 0x68, 0x3E, 0x3C, 0x76, 0x61, 0x72, 0x6F, 0x64, 0x6F, 0x74, 0x3E,
    0x3C, 0x76, 0x61, 0x72, 0x6F, 0x63, 0x69, 0x72, 0x63, 0x6C, 0x65, 0x3E, 0x3C, 0x76, 0x61, 0x72,
    0x6F, 0x61, 0x73, 0x74, 0x3E, 0x3C, 0x63, 0x69, 0x72, 0x63, 0x6C, 0x65, 0x64, 0x64, 0x61, 0x73,
    0x68, 0x3E, 0x3C, 0x62, 0x6F, 0x78, 0x70, 0x6C, 0x75, 0x73, 0x3E, 0x3C, 0x62, 0x6F, 0x78, 0x6D,
    0x69, 0x6E, 0x75, 0x73, 0x3E, 0x3C, 0x62, 0x6F, 0x78, 0x74, 0x69, 0x6D, 0x65, 0x73, 0x3E, 0x3C,
    0x62, 0x6F, 0x78, 0x64, 0x6F, 0x74, 0x3E, 0x3C, 0x76, 0x64, 0x61, 0x73, 0x68, 0x3E, 0x3C, 0x64,
    0x61, 0x73, 0x68, 0x76, 0x3E, 0x3C, 0x74, 0x6F, 0x70, 0x3E, 0x3C, 0x62, 0x6F, 0x74, 0x3E, 0x3C,
    0x6D, 0x6F, 0x64, 0x65, 0x6C, 0x73, 0x3E, 0x3C, 0x76, 0x44, 0x61, 0x73, 0x68, 0x3E, 0x3C, 0x56,
    0x64, 0x61, 0x73, 0x68, 0x3E, 0x3C, 0x56, 0x76, 0x64, 0x61, 0x73, 0x68, 0x3E, 0x3C, 0x6E, 0x76,
    0x64, 0x61, 0x73, 0x68, 0x3E, 0x3C, 0x6E, 0x76, 0x44, 0x61, 0x73, 0x68, 0x3E, 0x3C, 0x6E, 0x56,
    0x64, 0x61, 0x73, 0x68, 0x3E, 0x3C, 0x6E, 0x56, 0x44, 0x61, 0x73, 0x68, 0x3E, 0x3C, 0x76, 0x61,
    0x72, 0x74, 0x72, 0x69, 0x61, 0x6E, 0x67, 0x6C, 0x65, 0x6C, 0x65, 0x66, 0x74, 0x3E, 0x3C, 0x76,
    0x61, 0x72, 0x74, 0x72, 0x69, 0x61, 0x6E, 0x67, 0x6C, 0x65, 0x72, 0x69, 0x67, 0x68, 0x74, 0x3E,
    0x3C, 0x74, 0x72, 0x69, 0x61, 0x6E, 0x67, 0x6C, 0x65, 0x6C, 0x65, 0x66, 0x74, 0x65, 0x71, 0x3E,
    0x3C, 0x74, 0x72, 0x69, 0x61, 0x6E, 0x67, 0x6C, 0x65, 0x72, 0x69, 0x67, 0x68, 0x74, 0x65, 0x71,
    0x3E, 0x3C, 0x6D, 0x75, 0x6C, 0x74, 0x69, 0x6D, 0x61, 0x70, 0x3E, 0x3C, 0x69, 0x6E, 0x74, 0x65,
    0x72, 0x63, 0x61, 0x6C, 0x3E, 0x3C, 0x76, 0x65, 0x65, 0x62, 0x61, 0x72, 0x3E, 0x3C, 0x62, 0x61,
    0x72, 0x77, 0x65, 0x64, 0x67, 0x65, 0x3E, 0x3C, 0x62, 0x69, 0x67, 0x2D, 0x77, 0x65, 0x64, 0x67,
    0x65, 0x3E, 0x3C, 0x62, 0x69, 0x67, 0x2D, 0x76, 0x65, 0x65, 0x3E, 0x3C, 0x62, 0x69, 0x67, 0x2D,
    0x63, 0x61, 0x70, 0x3E, 0x3C, 0x62, 0x69, 0x67, 0x2D, 0x63, 0x75, 0x70, 0x3E, 0x3C, 0x64, 0x69,
    0x61, 0x6D, 0x6F, 0x6E, 0x64, 0x3E, 0x3C, 0x63, 0x64, 0x6F, 0x74, 0x3E, 0x3C, 0x73, 0x74, 0x61,
    0x72, 0x3E, 0x3C, 0x64, 0x69, 0x76, 0x69, 0x64, 0x65, 0x6F, 0x6E, 0x74, 0x69, 0x6D, 0x65, 0x73,
    0x3E, 0x3C, 0x6A, 0x6F, 0x69, 0x6E, 0x3E, 0x3C, 0x6C, 0x74, 0x69, 0x6D, 0x65, 0x73, 0x3E, 0x3C,
    0x72, 0x74, 0x69, 0x6D, 0x65, 0x73, 0x3E, 0x3C, 0x6C, 0x65, 0x66, 0x74, 0x74, 0x68, 0x72, 0x65,
    0x65, 0x74, 0x69, 0x6D, 0x65, 0x73, 0x3E, 0x3C, 0x72, 0x69, 0x67, 0x68, 0x74, 0x74, 0x68, 0x72,
    0x65, 0x65, 0x74, 0x69, 0x6D, 0x65, 0x73, 0x3E, 0x3C, 0x62, 0x61, 0x63, 0x6B, 0x73, 0x69, 0x6D,
    0x65, 0x71, 0x3E, 0x3C, 0x63, 0x75, 0x72, 0x6C, 0x79, 0x76, 0x65, 0x65, 0x3E, 0x3C, 0x63, 0x75,
    0x72, 0x6C, 0x79, 0x77, 0x65, 0x64, 0x67, 0x65, 0x3E, 0x3C, 0x53, 0x75, 0x62, 0x73, 0x65, 0x74,
    0x3E, 0x3C, 0x53, 0x75, 0x70, 0x73, 0x65, 0x74, 0x3E, 0x3C, 0x43, 0x61, 0x70, 0x3E, 0x3C, 0x43,
    0x75, 0x70, 0x3E, 0x3C, 0x70, 0x69, 0x74, 0x63, 0x68, 0x66, 0x6F, 0x72, 0x6B, 0x3E, 0x3C, 0x6C,
    0x65, 0x73, 0x73, 0x64, 0x6F, 0x74, 0x3E, 0x3C, 0x67, 0x74, 0x72, 0x64, 0x6F, 0x74, 0x3E, 0x3C,
    0x6C, 0x6C, 0x6C, 0x3E, 0x3C, 0x67, 0x67, 0x67, 0x3E, 0x3C, 0x6C, 0x65, 0x73, 0x73, 0x65, 0x71,
    0x67, 0x74, 0x72, 0x3E, 0x3C, 0x67, 0x74, 0x72, 0x65, 0x71, 0x6C, 0x65, 0x73, 0x73, 0x3E, 0x3C,
    0x63, 0x75, 0x72, 0x6C, 0x79, 0x65, 0x71, 0x70, 0x72, 0x65, 0x63, 0x3E, 0x3C, 0x63, 0x75, 0x72,
    0x6C, 0x79, 0x65, 0x71, 0x73, 0x75, 0x63, 0x63, 0x3E, 0x3C, 0x6E, 0x70, 0x72, 0x65, 0x63, 0x63,
    0x75, 0x72, 0x6C, 0x79, 0x65, 0x71, 0x3E, 0x3C, 0x6E, 0x73, 0x75, 0x63, 0x63, 0x63, 0x75, 0x72,
    0x6C, 0x79, 0x65, 0x71, 0x3E, 0x3C, 0x6E, 0x73, 0x71, 0x73, 0x75, 0x62, 0x73, 0x65, 0x74, 0x65,
    0x71, 0x3E, 0x3C, 0x6E, 0x73, 0x71, 0x73, 0x75, 0x70, 0x73, 0x65, 0x74, 0x65, 0x71, 0x3E, 0x3C,
    0x6C, 0x6E, 0x73, 0x69, 0x6D, 0x3E, 0x3C, 0x67, 0x6E, 0x73, 0x69, 0x6D, 0x3E, 0x3C, 0x70, 0x72,
    0x65, 0x63, 0x6E, 0x73, 0x69, 0x6D, 0x3E, 0x3C, 0x73, 0x75, 0x63, 0x63, 0x6E, 0x73, 0x69, 0x6D,
    0x3E, 0x3C, 0x6E, 0x74, 0x72, 0x69, 0x61, 0x6E, 0x67, 0x6C, 0x65, 0x6C, 0x65, 0x66, 0x74, 0x3E,
    0x3C, 0x6E, 0x74, 0x72, 0x69, 0x61, 0x6E, 0x67, 0x6C, 0x65, 0x72, 0x69, 0x67, 0x68, 0x74, 0x3E,
    0x3C, 0x6E, 0x74, 0x72, 0x69, 0x61, 0x6E, 0x67, 0x6C, 0x65, 0x6C, 0x65, 0x66, 0x74, 0x65, 0x71,
    0x3E, 0x3C, 0x6E, 0x74, 0x72, 0x69, 0x61, 0x6E, 0x67, 0x6C, 0x65, 0x72, 0x69, 0x67, 0x68, 0x74,
    0x65, 0x71, 0x3E, 0x3C, 0x76, 0x64, 0x6F, 0x74, 0x73, 0x3E, 0x3C, 0x63, 0x64, 0x6F, 0x74, 0x73,
    0x3E, 0x3C, 0x75, 0x64, 0x6F, 0x74, 0x73, 0x3E, 0x3C, 0x64, 0x64, 0x6F, 0x74, 0x73, 0x3E, 0x3C,
    0x64, 0x69, 0x61, 0x6D, 0x65, 0x74, 0x65, 0x72, 0x3E, 0x3C, 0x62, 0x61, 0x72, 0x77, 0x65, 0x64,
    0x67, 0x65, 0x3E, 0x3C, 0x64, 0x6F, 0x75, 0x62, 0x6C, 0x65, 0x62, 0x61, 0x72, 0x77, 0x65, 0x64,
    0x67, 0x65, 0x3E, 0x3C, 0x6C, 0x63, 0x65, 0x69, 0x6C, 0x3E, 0x3C, 0x72, 0x63, 0x65, 0x69, 0x6C,
    0x3E, 0x3C, 0x6C, 0x66, 0x6C, 0x6F, 0x6F, 0x72, 0x3E, 0x3C, 0x72, 0x66, 0x6C, 0x6F, 0x6F, 0x72,
    0x3E, 0x3C, 0x69, 0x6E, 0x76, 0x6E, 0x65, 0x67, 0x3E, 0x3C, 0x72, 0x65, 0x63, 0x6F, 0x72, 0x64,
    0x65, 0x72, 0x3E, 0x3C, 0x70, 0x6C, 0x61, 0x63, 0x65, 0x20, 0x6F, 0x66, 0x20, 0x69, 0x6E, 0x74,
    0x65, 0x72, 0x65, 0x73, 0x74, 0x20, 0x73, 0x69, 0x67, 0x6E, 0x3E, 0x3C, 0x75, 0x6C, 0x63, 0x6F,
    0x72, 0x6E, 0x65, 0x72, 0x3E, 0x3C, 0x75, 0x72, 0x63, 0x6F, 0x72, 0x6E, 0x65, 0x72, 0x3E, 0x3C,
    0x6C, 0x6C, 0x63, 0x6F, 0x72, 0x6E, 0x65, 0x72, 0x3E, 0x3C, 0x6C, 0x72, 0x63, 0x6F, 0x72, 0x6E,
    0x65, 0x72, 0x3E, 0x3C, 0x66, 0x72, 0x6F, 0x77, 0x6E, 0x3E, 0x3C, 0x73, 0x6D, 0x69, 0x6C, 0x65,
    0x3E, 0x3C, 0x6F, 0x70, 0x74, 0x69, 0x6F, 0x6E, 0x20, 0x6B, 0x65, 0x79, 0x3E, 0x3C, 0x6C, 0x61,
    0x6E, 0x67, 0x6C, 0x65, 0x3E, 0x3C, 0x72, 0x61, 0x6E, 0x67, 0x6C, 0x65, 0x3E, 0x3C, 0x74, 0x61,
    0x6C, 0x6C, 0x6F, 0x62, 0x6C, 0x6F, 0x6E, 0x67, 0x3E, 0x3C, 0x41, 0x50, 0x4C, 0x6C, 0x65, 0x66,
    0x74, 0x61, 0x72, 0x72, 0x6F, 0x77, 0x62, 0x6F, 0x78, 0x3E, 0x3C, 0x41, 0x50, 0x4C, 0x72, 0x69,
    0x67, 0x68, 0x74, 0x61, 0x72, 0x72, 0x6F, 0x77, 0x62, 0x6F, 0x78, 0x3E, 0x3C, 0x41, 0x50, 0x4C,
    0x75, 0x70, 0x61, 0x72, 0x72, 0x6F, 0x77, 0x62, 0x6F, 0x78, 0x3E, 0x3C, 0x41, 0x50, 0x4C, 0x64,
    0x6F, 0x77, 0x6E, 0x61, 0x72, 0x72, 0x6F, 0x77, 0x62, 0x6F, 0x78, 0x3E, 0x3C, 0x41, 0x50, 0x4C,
    0x69, 0x6E, 0x70, 0x75, 0x74, 0x3E, 0x3C, 0x41, 0x50, 0x4C, 0x62, 0x6F, 0x78, 0x3E, 0x3C, 0x63,
    0x69, 0x72, 0x63, 0x6C, 0x65, 0x64, 0x53, 0x3E, 0x3C, 0x62, 0x6C, 0x61, 0x63, 0x6B, 0x73, 0x71,
    0x75, 0x61, 0x72, 0x65, 0x3E, 0x3C, 0x53, 0x71, 0x75, 0x61, 0x72, 0x65, 0x3E, 0x3C, 0x6F, 0x62,
    0x6C, 0x6F, 0x6E, 0x67, 0x3E, 0x3C, 0x62, 0x69, 0x67, 0x74, 0x72, 0x69, 0x61, 0x6E, 0x67, 0x6C,
    0x65, 0x75, 0x70, 0x3E, 0x3C, 0x62, 0x6C, 0x61, 0x63, 0x6B, 0x74, 0x72, 0x69, 0x61, 0x6E, 0x67,
    0x6C, 0x65, 0x3E, 0x3C, 0x76, 0x61, 0x72, 0x74, 0x72, 0x69, 0x61, 0x6E, 0x67, 0x6C, 0x65, 0x3E,
    0x3C, 0x62, 0x6C, 0x61, 0x63, 0x6B, 0x74, 0x72, 0x69, 0x61, 0x6E, 0x67, 0x6C, 0x65, 0x72, 0x69,
    0x67, 0x68, 0x74, 0x3E, 0x3C, 0x74, 0x72, 0x69, 0x61, 0x6E, 0x67, 0x6C, 0x65, 0x72, 0x69, 0x67,
    0x68, 0x74, 0x3E, 0x3C, 0x62, 0x69, 0x67, 0x74, 0x72, 0x69, 0x61, 0x6E, 0x67, 0x6C, 0x65, 0x64,
    0x6F, 0x77, 0x6E, 0x3E, 0x3C, 0x62, 0x6C, 0x61, 0x63, 0x6B, 0x74, 0x72, 0x69, 0x61, 0x6E, 0x67,
    0x6C, 0x65, 0x64, 0x6F, 0x77, 0x6E, 0x3E, 0x3C, 0x74, 0x72, 0x69, 0x61, 0x6E, 0x67, 0x6C, 0x65,
    0x64, 0x6F, 0x77, 0x6E, 0x3E, 0x3C, 0x62, 0x6C, 0x61, 0x63, 0x6B, 0x74, 0x72, 0x69, 0x61, 0x6E,
    0x67, 0x6C, 0x65, 0x6C, 0x65, 0x66, 0x74, 0x3E, 0x3C, 0x74, 0x72, 0x69, 0x61, 0x6E, 0x67, 0x6C,
    0x65, 0x6C, 0x65, 0x66, 0x74, 0x3E, 0x3C, 0x77, 0x61, 0x73, 0x79, 0x44, 0x69, 0x61, 0x6D, 0x6F,
    0x6E, 0x64, 0x3E, 0x3C, 0x6C, 0x6F, 0x7A, 0x65, 0x6E, 0x67, 0x65, 0x3E, 0x3C, 0x43, 0x69, 0x72,
    0x63, 0x6C, 0x65, 0x3E, 0x3C, 0x43, 0x49, 0x52, 0x43, 0x4C, 0x45, 0x3E, 0x3C, 0x4C, 0x45, 0x46,
    0x54, 0x63, 0x69, 0x72, 0x63, 0x6C, 0x65, 0x3E, 0x3C, 0x52, 0x49, 0x47, 0x48, 0x54, 0x63, 0x69,
    0x72, 0x63, 0x6C, 0x65, 0x3E, 0x3C, 0x4C, 0x45, 0x46, 0x54, 0x43, 0x49, 0x52, 0x43, 0x4C, 0x45,
    0x3E, 0x3C, 0x52, 0x49, 0x47, 0x48, 0x54, 0x43, 0x49, 0x52, 0x43, 0x4C, 0x45, 0x3E, 0x3C, 0x76,
    0x61, 0x72, 0x62, 0x69, 0x67, 0x63, 0x69, 0x72, 0x63, 0x3E, 0x3C, 0x73, 0x71, 0x75, 0x61, 0x72,
    0x65, 0x3E, 0x3C, 0x62, 0x69, 0x67, 0x73, 0x74, 0x61, 0x72, 0x3E, 0x3C, 0x61, 0x73, 0x74, 0x72,
    0x6F, 0x73, 0x75, 0x6E, 0x3E, 0x3C, 0x61, 0x73, 0x63, 0x6E, 0x6F, 0x64, 0x65, 0x3E, 0x3C, 0x64,
    0x65, 0x73, 0x63, 0x6E, 0x6F, 0x64, 0x65, 0x3E, 0x3C, 0x63, 0x6F, 0x6E, 0x6A, 0x75, 0x6E, 0x63,
    0x74, 0x69, 0x6F, 0x6E, 0x3E, 0x3C, 0x6F, 0x70, 0x70, 0x6F, 0x73, 0x69, 0x74, 0x69, 0x6F, 0x6E,
    0x3E, 0x3C, 0x70, 0x68, 0x6F, 0x6E, 0x65, 0x3E, 0x3C, 0x77, 0x61, 0x73, 0x79, 0x42, 0x6F, 0x78,
    0x3E, 0x3C, 0x58, 0x42, 0x6F, 0x78, 0x3E, 0x3C, 0x43, 0x68, 0x65, 0x63, 0x6B, 0x65, 0x64, 0x42,
    0x6F, 0x78, 0x3E, 0x3C, 0x66, 0x72, 0x6F, 0x77, 0x6E, 0x69, 0x65, 0x3E, 0x3C, 0x73, 0x6D, 0x69,
    0x6C, 0x65, 0x79, 0x3E, 0x3C, 0x62, 0x6C, 0x61, 0x63, 0x6B, 0x73, 0x6D, 0x69, 0x6C, 0x65, 0x79,
    0x3E, 0x3C, 0x73, 0x75, 0x6E, 0x3E, 0x3C, 0x72, 0x69, 0x67, 0x68, 0x74, 0x6D, 0x6F, 0x6F, 0x6E,
    0x3E, 0x3C, 0x6C, 0x65, 0x66, 0x74, 0x6D, 0x6F, 0x6F, 0x6E, 0x3E, 0x3C, 0x6D, 0x65, 0x72, 0x63,
    0x75, 0x72, 0x79, 0x3E, 0x3C, 0x66, 0x65, 0x6D, 0x61, 0x6C, 0x65, 0x3E, 0x3C, 0x65, 0x61, 0x72,
    0x74, 0x68, 0x3E, 0x3C, 0x6D, 0x61, 0x6C, 0x65, 0x3E, 0x3C, 0x6A, 0x75, 0x70, 0x69, 0x74, 0x65,
    0x72, 0x3E, 0x3C, 0x73, 0x61, 0x74, 0x75, 0x72, 0x6E, 0x3E, 0x3C, 0x75, 0x72, 0x61, 0x6E, 0x75,
    0x73, 0x3E, 0x3C, 0x6E, 0x65, 0x70, 0x74, 0x75, 0x6E, 0x65, 0x3E, 0x3C, 0x70, 0x6C, 0x75, 0x74,
    0x6F, 0x3E, 0x3C, 0x61, 0x72, 0x69, 0x65, 0x73, 0x3E, 0x3C, 0x74, 0x61, 0x75, 0x72, 0x75, 0x73,
    0x3E, 0x3C, 0x67, 0x65, 0x6D, 0x69, 0x6E, 0x69, 0x3E, 0x3C, 0x63, 0x61, 0x6E, 0x63, 0x65, 0x72,
    0x3E, 0x3C, 0x6C, 0x65, 0x6F, 0x3E, 0x3C, 0x76, 0x69, 0x72, 0x67, 0x6F, 0x3E, 0x3C, 0x6C, 0x69,
    0x62, 0x72, 0x61, 0x3E, 0x3C, 0x73, 0x63, 0x6F, 0x72, 0x70, 0x69, 0x6F, 0x3E, 0x3C, 0x73, 0x61,
    0x67, 0x69, 0x74, 0x74, 0x61, 0x72, 0x69, 0x75, 0x73, 0x3E, 0x3C, 0x63, 0x61, 0x70, 0x72, 0x69,
    0x63, 0x6F, 0x72, 0x6E, 0x75, 0x73, 0x3E, 0x3C, 0x61, 0x71, 0x75, 0x61, 0x72, 0x69, 0x75, 0x73,
    0x3E, 0x3C, 0x70, 0x69, 0x73, 0x63, 0x65, 0x73, 0x3E, 0x3C, 0x73, 0x70, 0x61, 0x64, 0x65, 0x73,
    0x75, 0x69, 0x74, 0x3E, 0x3C, 0x63, 0x6C, 0x75, 0x62, 0x73, 0x75, 0x69, 0x74, 0x3E, 0x3C, 0x68,
    0x65, 0x61, 0x72, 0x74, 0x73, 0x75, 0x69, 0x74, 0x3E, 0x3C, 0x64, 0x69, 0x61, 0x6D, 0x6F, 0x6E,
    0x64, 0x73, 0x75, 0x69, 0x74, 0x3E, 0x3C, 0x71, 0x75, 0x61, 0x72, 0x74, 0x65, 0x72, 0x6E, 0x6F,
    0x74, 0x65, 0x3E, 0x3C, 0x65, 0x69, 0x67, 0x68, 0x74, 0x68, 0x6E, 0x6F, 0x74, 0x65, 0x3E, 0x3C,
    0x74, 0x77, 0x6F, 0x6E, 0x6F, 0x74, 0x65, 0x73, 0x3E, 0x3C, 0x66, 0x6C, 0x61, 0x74, 0x3E, 0x3C,
    0x6E, 0x61, 0x74, 0x75, 0x72, 0x61, 0x6C, 0x3E, 0x3C, 0x73, 0x68, 0x61, 0x72, 0x70, 0x3E, 0x3C,
    0x63, 0x68, 0x65, 0x63, 0x6B, 0x6D, 0x61, 0x72, 0x6B, 0x3E, 0x3C, 0x6D, 0x61, 0x6C, 0x74, 0x65,
    0x73, 0x65, 0x3E, 0x3C, 0x6C, 0x6C, 0x62, 0x72, 0x61, 0x63, 0x6B, 0x65, 0x74, 0x3E, 0x3C, 0x72,
    0x72, 0x62, 0x72, 0x61, 0x63, 0x6B, 0x65, 0x74, 0x3E, 0x3C, 0x6C, 0x61, 0x6E, 0x67, 0x6C, 0x65,
    0x3E, 0x3C, 0x72, 0x61, 0x6E, 0x67, 0x6C, 0x65, 0x3E, 0x3C, 0x6C, 0x6C, 0x61, 0x6E, 0x67, 0x6C,
    0x65, 0x3E, 0x3C, 0x72, 0x72, 0x61, 0x6E, 0x67, 0x6C, 0x65, 0x3E, 0x3C, 0x6C, 0x6F, 0x6E, 0x67,
    0x6C, 0x65, 0x66, 0x74, 0x61, 0x72, 0x72, 0x6F, 0x77, 0x3E, 0x3C, 0x6C, 0x6F, 0x6E, 0x67, 0x72,
    0x69, 0x67, 0x68, 0x74, 0x61, 0x72, 0x72, 0x6F, 0x77, 0x3E, 0x3C, 0x6C, 0x6F, 0x6E, 0x67, 0x6C,
    0x65, 0x66, 0x74, 0x72, 0x69, 0x67, 0x68, 0x74, 0x61, 0x72, 0x72, 0x6F, 0x77, 0x3E, 0x3C, 0x4C,
    0x6F, 0x6E, 0x67, 0x6C, 0x65, 0x66, 0x74, 0x61, 0x72, 0x72, 0x6F, 0x77, 0x3E, 0x3C, 0x4C, 0x6F,
    0x6E, 0x67, 0x72, 0x69, 0x67, 0x68, 0x74, 0x61, 0x72, 0x72, 0x6F, 0x77, 0x3E, 0x3C, 0x4C, 0x6F,
    0x6E, 0x67, 0x6C, 0x65, 0x66, 0x74, 0x72, 0x69, 0x67, 0x68, 0x74, 0x61, 0x72, 0x72, 0x6F, 0x77,
    0x3E, 0x3C, 0x6C, 0x6F, 0x6E, 0x67, 0x6D, 0x61, 0x70, 0x73, 0x66, 0x72, 0x6F, 0x6D, 0x3E, 0x3C,
    0x6C, 0x6F, 0x6E, 0x67, 0x6D, 0x61, 0x70, 0x73, 0x74, 0x6F, 0x3E, 0x3C, 0x6C, 0x65, 0x66, 0x74,
    0x74, 0x75, 0x72, 0x6E, 0x3E, 0x3C, 0x72, 0x69, 0x67, 0x68, 0x74, 0x74, 0x75, 0x72, 0x6E, 0x3E,
    0x3C, 0x6C, 0x6C, 0x70, 0x61, 0x72, 0x65, 0x6E, 0x74, 0x68, 0x65, 0x73, 0x69, 0x73, 0x3E, 0x3C,
    0x72, 0x72, 0x70, 0x61, 0x72, 0x65, 0x6E, 0x74, 0x68, 0x65, 0x73, 0x69, 0x73, 0x3E, 0x3C, 0x6D,
    0x69, 0x6E, 0x75, 0x73, 0x6F, 0x3E, 0x3C, 0x76, 0x61, 0x72, 0x6F, 0x62, 0x61, 0x72, 0x3E, 0x3C,
    0x76, 0x61, 0x72, 0x6F, 0x62, 0x73, 0x6C, 0x61, 0x73, 0x68, 0x3E, 0x3C, 0x62, 0x6F, 0x78, 0x73,
    0x6C, 0x61, 0x73, 0x68, 0x3E, 0x3C, 0x62, 0x6F, 0x78, 0x62, 0x73, 0x6C, 0x61, 0x73, 0x68, 0x3E,
    0x3C, 0x62, 0x6F, 0x78, 0x61, 0x73, 0x74, 0x3E, 0x3C, 0x62, 0x6F, 0x78, 0x63, 0x69, 0x72, 0x63,
    0x6C, 0x65, 0x3E, 0x3C, 0x62, 0x6F, 0x78, 0x62, 0x6F, 0x78, 0x3E, 0x3C, 0x62, 0x6C, 0x61, 0x63,
    0x6B, 0x6C, 0x6F, 0x7A, 0x65, 0x6E, 0x67, 0x65, 0x3E, 0x3C, 0x62, 0x69, 0x67, 0x2D, 0x6F, 0x64,
    0x6F, 0x74, 0x3E, 0x3C, 0x62, 0x69, 0x67, 0x2D, 0x6F, 0x70, 0x6C, 0x75, 0x73, 0x3E, 0x3C, 0x62,
    0x69, 0x67, 0x2D, 0x6F, 0x74, 0x69, 0x6D, 0x65, 0x73, 0x3E, 0x3C, 0x62, 0x69, 0x67, 0x2D, 0x70,
    0x6C, 0x75, 0x73, 0x63, 0x75, 0x70, 0x3E, 0x3C, 0x62, 0x69, 0x67, 0x2D, 0x73, 0x71, 0x63, 0x61,
    0x70, 0x3E, 0x3C, 0x62, 0x69, 0x67, 0x2D, 0x73, 0x71, 0x63, 0x75, 0x70, 0x3E, 0x3C, 0x6D, 0x65,
    0x72, 0x67, 0x65, 0x3E, 0x3C, 0x42, 0x6F, 0x77, 0x74, 0x69, 0x65, 0x3E, 0x3C, 0x61, 0x6D, 0x61,
    0x6C, 0x67, 0x3E, 0x3C, 0x6C, 0x65, 0x71, 0x73, 0x6C, 0x61, 0x6E, 0x74, 0x3E, 0x3C, 0x67, 0x65,
    0x71, 0x73, 0x6C, 0x61, 0x6E, 0x74, 0x3E, 0x3C, 0x6C, 0x65, 0x73, 0x73, 0x61, 0x70, 0x70, 0x72,
    0x6F, 0x78, 0x3E, 0x3C, 0x67, 0x74, 0x72, 0x61, 0x70, 0x70, 0x72, 0x6F, 0x78, 0x3E, 0x3C, 0x6C,
    0x6E, 0x65, 0x71, 0x3E, 0x3C, 0x67, 0x6E, 0x65, 0x71, 0x3E, 0x3C, 0x6C, 0x6E, 0x61, 0x70, 0x70,
    0x72, 0x6F, 0x78, 0x3E, 0x3C, 0x67, 0x6E, 0x61, 0x70, 0x70, 0x72, 0x6F, 0x78, 0x3E, 0x3C, 0x6C,
    0x65, 0x73, 0x73, 0x65, 0x71, 0x71, 0x67, 0x74, 0x72, 0x3E, 0x3C, 0x67, 0x74, 0x72, 0x65, 0x71,
    0x71, 0x6C, 0x65, 0x73, 0x73, 0x3E, 0x3C, 0x65, 0x71, 0x73, 0x6C, 0x61, 0x6E, 0x74, 0x6C, 0x65,
    0x73, 0x73, 0x3E, 0x3C, 0x65, 0x71, 0x73, 0x6C, 0x61, 0x6E, 0x74, 0x67, 0x74, 0x72, 0x3E, 0x3C,
    0x6C, 0x65, 0x66, 0x74, 0x73, 0x6C, 0x69, 0x63, 0x65, 0x3E, 0x3C, 0x72, 0x69, 0x67, 0x68, 0x74,
    0x73, 0x6C, 0x69, 0x63, 0x65, 0x3E, 0x3C, 0x70, 0x72, 0x65, 0x63, 0x65, 0x71, 0x3E, 0x3C, 0x73,
    0x75, 0x63, 0x63, 0x65, 0x71, 0x3E, 0x3C, 0x70, 0x72, 0x65, 0x63, 0x6E, 0x65, 0x71, 0x71, 0x3E,
    0x3C, 0x73, 0x75, 0x63, 0x63, 0x6E, 0x65, 0x71, 0x71, 0x3E, 0x3C, 0x70, 0x72, 0x65, 0x63, 0x61,
    0x70, 0x70, 0x72, 0x6F, 0x78, 0x3E, 0x3C, 0x73, 0x75, 0x63, 0x63, 0x61, 0x70, 0x70, 0x72, 0x6F,
    0x78, 0x3E, 0x3C, 0x70, 0x72, 0x65, 0x63, 0x6E, 0x61, 0x70, 0x70, 0x72, 0x6F, 0x78, 0x3E, 0x3C,
    0x73, 0x75, 0x63, 0x63, 0x6E, 0x61, 0x70, 0x70, 0x72, 0x6F, 0x78, 0x3E, 0x3C, 0x73, 0x75, 0x62,
    0x73, 0x65, 0x74, 0x65, 0x71, 0x71, 0x3E, 0x3C, 0x73, 0x75, 0x70, 0x73, 0x65, 0x74, 0x65, 0x71,
    0x71, 0x3E, 0x3C, 0x73, 0x75, 0x62, 0x73, 0x65, 0x74, 0x6E, 0x65, 0x71, 0x71, 0x3E, 0x3C, 0x73,
    0x75, 0x70, 0x73, 0x65, 0x74, 0x6E, 0x65, 0x71, 0x71, 0x3E, 0x3C, 0x69, 0x6E, 0x74, 0x65, 0x72,
    0x6C, 0x65, 0x61, 0x76, 0x65, 0x3E, 0x1B, 0x1C, 0x1D, 0x1E, 0x1F, 0x3C, 0x6C, 0x6F, 0x6E, 0x67,
    0x6D, 0x69, 0x6E, 0x75, 0x73, 0x3E, 0x3C, 0x6C, 0x6F, 0x6E, 0x67, 0x65, 0x71, 0x75, 0x61, 0x6C,
    0x3E, 0x3C, 0x66, 0x75, 0x6C, 0x6C, 0x6E, 0x6F, 0x74, 0x65, 0x3E, 0x3C, 0x68, 0x61, 0x6C, 0x66,
    0x6E, 0x6F, 0x74, 0x65, 0x3E, 0x3C, 0x62, 0x2D, 0x75, 0x70, 0x2D, 0x41, 0x3E, 0x3C, 0x62, 0x2D,
    0x75, 0x70, 0x2D, 0x42, 0x3E, 0x3C, 0x62, 0x2D, 0x75, 0x70, 0x2D, 0x43, 0x3E, 0x3C, 0x62, 0x2D,
    0x75, 0x70, 0x2D, 0x44, 0x3E, 0x3C, 0x62, 0x2D, 0x75, 0x70, 0x2D, 0x45, 0x3E, 0x3C, 0x62, 0x2D,
    0x75, 0x70, 0x2D, 0x46, 0x3E, 0x3C, 0x62, 0x2D, 0x75, 0x70, 0x2D, 0x47, 0x3E, 0x3C, 0x62, 0x2D,
    0x75, 0x70, 0x2D, 0x48, 0x3E, 0x3C, 0x62, 0x2D, 0x75, 0x70, 0x2D, 0x49, 0x3E, 0x3C, 0x62, 0x2D,
    0x75, 0x70, 0x2D, 0x4A, 0x3E, 0x3C, 0x62, 0x2D, 0x75, 0x70, 0x2D, 0x4B, 0x3E, 0x3C, 0x62, 0x2D,
    0x75, 0x70, 0x2D, 0x4C, 0x3E, 0x3C, 0x62, 0x2D, 0x75, 0x70, 0x2D, 0x4D, 0x3E, 0x3C, 0x62, 0x2D,
    0x75, 0x70, 0x2D, 0x4E, 0x3E, 0x3C, 0x62, 0x2D, 0x75, 0x70, 0x2D, 0x4F, 0x3E, 0x3C, 0x62, 0x2D,
    0x75, 0x70, 0x2D, 0x50, 0x3E, 0x3C, 0x62, 0x2D, 0x75, 0x70, 0x2D, 0x51, 0x3E, 0x3C, 0x62, 0x2D,
    0x75, 0x70, 0x2D, 0x52, 0x3E, 0x3C, 0x62, 0x2D, 0x75, 0x70, 0x2D, 0x53, 0x3E, 0x3C, 0x62, 0x2D,
    0x75, 0x70, 0x2D, 0x54, 0x3E, 0x3C, 0x62, 0x2D, 0x75, 0x70, 0x2D, 0x55, 0x3E, 0x3C, 0x62, 0x2D,
    0x75, 0x70, 0x2D, 0x56, 0x3E, 0x3C, 0x62, 0x2D, 0x75, 0x70, 0x2D, 0x57, 0x3E, 0x3C, 0x62, 0x2D,
    0x75, 0x70, 0x2D, 0x58, 0x3E, 0x3C, 0x62, 0x2D, 0x75, 0x70, 0x2D, 0x59, 0x3E, 0x3C, 0x62, 0x2D,
    0x75, 0x70, 0x2D, 0x5A, 0x3E, 0x3C, 0x62, 0x2D, 0x75, 0x70, 0x2D, 0x61, 0x3E, 0x3C, 0x62, 0x2D,
    0x75, 0x70, 0x2D, 0x62, 0x3E, 0x3C, 0x62, 0x2D, 0x75, 0x70, 0x2D, 0x63, 0x3E, 0x3C, 0x62, 0x2D,
    0x75, 0x70, 0x2D, 0x64, 0x3E, 0x3C, 0x62, 0x2D, 0x75, 0x70, 0x2D, 0x65, 0x3E, 0x3C, 0x62, 0x2D,
    0x75, 0x70, 0x2D, 0x66, 0x3E, 0x3C, 0x62, 0x2D, 0x75, 0x70, 0x2D, 0x67, 0x3E, 0x3C, 0x62, 0x2D,
    0x75, 0x70, 0x2D, 0x68, 0x3E, 0x3C, 0x62, 0x2D, 0x75, 0x70, 0x2D, 0x69, 0x3E, 0x3C, 0x62, 0x2D,
    0x75, 0x70, 0x2D, 0x6A, 0x3E, 0x3C, 0x62, 0x2D, 0x75, 0x70, 0x2D, 0x6B, 0x3E, 0x3C, 0x62, 0x2D,
    0x75, 0x70, 0x2D, 0x6C, 0x3E, 0x3C, 0x62, 0x2D, 0x75, 0x70, 0x2D, 0x6D, 0x3E, 0x3C, 0x62, 0x2D,
    0x75, 0x70, 0x2D, 0x6E, 0x3E, 0x3C, 0x62, 0x2D, 0x75, 0x70, 0x2D, 0x6F, 0x3E, 0x3C, 0x62, 0x2D,
    0x75, 0x70, 0x2D, 0x70, 0x3E, 0x3C, 0x62, 0x2D, 0x75, 0x70, 0x2D, 0x71, 0x3E, 0x3C, 0x62, 0x2D,
    0x75, 0x70, 0x2D, 0x72, 0x3E, 0x3C, 0x62, 0x2D, 0x75, 0x70, 0x2D, 0x73, 0x3E, 0x3C, 0x62, 0x2D,
    0x75, 0x70, 0x2D, 0x74, 0x3E, 0x3C, 0x62, 0x2D, 0x75, 0x70, 0x2D, 0x75, 0x3E, 0x3C, 0x62, 0x2D,
    0x75, 0x70, 0x2D, 0x76, 0x3E, 0x3C, 0x62, 0x2D, 0x75, 0x70, 0x2D, 0x77, 0x3E, 0x3C, 0x62, 0x2D,
    0x75, 0x70, 0x2D, 0x78, 0x3E, 0x3C, 0x62, 0x2D, 0x75, 0x70, 0x2D, 0x79, 0x3E, 0x3C, 0x62, 0x2D,
    0x75, 0x70, 0x2D, 0x7A, 0x3E, 0x3C, 0x62, 0x2D, 0x41, 0x3E, 0x3C, 0x62, 0x2D, 0x42, 0x3E, 0x3C,
    0x62, 0x2D, 0x43, 0x3E, 0x3C, 0x62, 0x2D, 0x44, 0x3E, 0x3C, 0x62, 0x2D, 0x45, 0x3E, 0x3C, 0x62,
    0x2D, 0x46, 0x3E, 0x3C, 0x62, 0x2D, 0x47, 0x3E, 0x3C, 0x62, 0x2D, 0x48, 0x3E, 0x3C, 0x62, 0x2D,
    0x49, 0x3E, 0x3C, 0x62, 0x2D, 0x4A, 0x3E, 0x3C, 0x62, 0x2D, 0x4B, 0x3E, 0x3C, 0x62, 0x2D, 0x4C,
    0x3E, 0x3C, 0x62, 0x2D, 0x4D, 0x3E, 0x3C, 0x62, 0x2D, 0x4E, 0x3E, 0x3C, 0x62, 0x2D, 0x4F, 0x3E,
    0x3C, 0x62, 0x2D, 0x50, 0x3E, 0x3C, 0x62, 0x2D, 0x51, 0x3E, 0x3C, 0x62, 0x2D, 0x52, 0x3E, 0x3C,
    0x62, 0x2D, 0x53, 0x3E, 0x3C, 0x62, 0x2D, 0x54, 0x3E, 0x3C, 0x62, 0x2D, 0x55, 0x3E, 0x3C, 0x62,
    0x2D, 0x56, 0x3E, 0x3C, 0x62, 0x2D, 0x57, 0x3E, 0x3C, 0x62, 0x2D, 0x58, 0x3E, 0x3C, 0x62, 0x2D,
    0x59, 0x3E, 0x3C, 0x62, 0x2D, 0x5A, 0x3E, 0x3C, 0x62, 0x2D, 0x61, 0x3E, 0x3C, 0x62, 0x2D, 0x62,
    0x3E, 0x3C, 0x62, 0x2D, 0x63, 0x3E, 0x3C, 0x62, 0x2D, 0x64, 0x3E, 0x3C, 0x62, 0x2D, 0x65, 0x3E,
    0x3C, 0x62, 0x2D, 0x66, 0x3E, 0x3C, 0x62, 0x2D, 0x67, 0x3E, 0x3C, 0x62, 0x2D, 0x68, 0x3E, 0x3C,
    0x62, 0x2D, 0x69, 0x3E, 0x3C, 0x62, 0x2D, 0x6A, 0x3E, 0x3C, 0x62, 0x2D, 0x6B, 0x3E, 0x3C, 0x62,
    0x2D, 0x6C, 0x3E, 0x3C, 0x62, 0x2D, 0x6D, 0x3E, 0x3C, 0x62, 0x2D, 0x6E, 0x3E, 0x3C, 0x62, 0x2D,
    0x6F, 0x3E, 0x3C, 0x62, 0x2D, 0x70, 0x3E, 0x3C, 0x62, 0x2D, 0x71, 0x3E, 0x3C, 0x62, 0x2D, 0x72,
    0x3E, 0x3C, 0x62, 0x2D, 0x73, 0x3E, 0x3C, 0x62, 0x2D, 0x74, 0x3E, 0x3C, 0x62, 0x2D, 0x75, 0x3E,
    0x3C, 0x62, 0x2D, 0x76, 0x3E, 0x3C, 0x62, 0x2D, 0x77, 0x3E, 0x3C, 0x62, 0x2D, 0x78, 0x3E, 0x3C,
    0x62, 0x2D, 0x79, 0x3E, 0x3C, 0x62, 0x2D, 0x7A, 0x3E, 0x3C, 0x63, 0x61, 0x6C, 0x2D, 0x41, 0x3E,
    0x3C, 0x63, 0x61, 0x6C, 0x2D, 0x43, 0x3E, 0x3C, 0x63, 0x61, 0x6C, 0x2D, 0x44, 0x3E, 0x3C, 0x63,
    0x61, 0x6C, 0x2D, 0x47, 0x3E, 0x3C, 0x63, 0x61, 0x6C, 0x2D, 0x4A, 0x3E, 0x3C, 0x63, 0x61, 0x6C,
    0x2D, 0x4B, 0x3E, 0x3C, 0x63, 0x61, 0x6C, 0x2D, 0x4E, 0x3E, 0x3C, 0x63, 0x61, 0x6C, 0x2D, 0x4F,
    0x3E, 0x3C, 0x63, 0x61, 0x6C, 0x2D, 0x50, 0x3E, 0x3C, 0x63, 0x61, 0x6C, 0x2D, 0x51, 0x3E, 0x3C,
    0x63, 0x61, 0x6C, 0x2D, 0x53, 0x3E, 0x3C, 0x63, 0x61, 0x6C, 0x2D, 0x54, 0x3E, 0x3C, 0x63, 0x61,
    0x6C, 0x2D, 0x55, 0x3E, 0x3C, 0x63, 0x61, 0x6C, 0x2D, 0x56, 0x3E, 0x3C, 0x63, 0x61, 0x6C, 0x2D,
    0x57, 0x3E, 0x3C, 0x63, 0x61, 0x6C, 0x2D, 0x58, 0x3E, 0x3C, 0x63, 0x61, 0x6C, 0x2D, 0x59, 0x3E,
    0x3C, 0x63, 0x61, 0x6C, 0x2D, 0x5A, 0x3E, 0x3C, 0x63, 0x61, 0x6C, 0x2D, 0x61, 0x3E, 0x3C, 0x63,
    0x61, 0x6C, 0x2D, 0x62, 0x3E, 0x3C, 0x63, 0x61, 0x6C, 0x2D, 0x63, 0x3E, 0x3C, 0x63, 0x61, 0x6C,
    0x2D, 0x64, 0x3E, 0x3C, 0x63, 0x61, 0x6C, 0x2D, 0x66, 0x3E, 0x3C, 0x63, 0x61, 0x6C, 0x2D, 0x68,
    0x3E, 0x3C, 0x63, 0x61, 0x6C, 0x2D, 0x69, 0x3E, 0x3C, 0x63, 0x61, 0x6C, 0x2D, 0x6A, 0x3E, 0x3C,
    0x63, 0x61, 0x6C, 0x2D, 0x6B, 0x3E, 0x3C, 0x63, 0x61, 0x6C, 0x2D, 0x6C, 0x3E, 0x3C, 0x63, 0x61,
    0x6C, 0x2D, 0x6D, 0x3E, 0x3C, 0x63, 0x61, 0x6C, 0x2D, 0x6E, 0x3E, 0x3C, 0x63, 0x61, 0x6C, 0x2D,
    0x70, 0x3E, 0x3C, 0x63, 0x61, 0x6C, 0x2D, 0x71, 0x3E, 0x3C, 0x63, 0x61, 0x6C, 0x2D, 0x72, 0x3E,
    0x3C, 0x63, 0x61, 0x6C, 0x2D, 0x73, 0x3E, 0x3C, 0x63, 0x61, 0x6C, 0x2D, 0x74, 0x3E, 0x3C, 0x63,
    0x61, 0x6C, 0x2D, 0x75, 0x3E, 0x3C, 0x63, 0x61, 0x6C, 0x2D, 0x76, 0x3E, 0x3C, 0x63, 0x61, 0x6C,
    0x2D, 0x77, 0x3E, 0x3C, 0x63, 0x61, 0x6C, 0x2D, 0x78, 0x3E, 0x3C, 0x63, 0x61, 0x6C, 0x2D, 0x79,
    0x3E, 0x3C, 0x63, 0x61, 0x6C, 0x2D, 0x7A, 0x3E, 0x3C, 0x62, 0x2D, 0x63, 0x61, 0x6C, 0x2D, 0x41,
    0x3E, 0x3C, 0x62, 0x2D, 0x63, 0x61, 0x6C, 0x2D, 0x42, 0x3E, 0x3C, 0x62, 0x2D, 0x63, 0x61, 0x6C,
    0x2D, 0x43, 0x3E, 0x3C, 0x62, 0x2D, 0x63, 0x61, 0x6C, 0x2D, 0x44, 0x3E, 0x3C, 0x62, 0x2D, 0x63,
    0x61, 0x6C, 0x2D, 0x45, 0x3E, 0x3C, 0x62, 0x2D, 0x63, 0x61, 0x6C, 0x2D, 0x46, 0x3E, 0x3C, 0x62,
    0x2D, 0x63, 0x61, 0x6C, 0x2D, 0x47, 0x3E, 0x3C, 0x62, 0x2D, 0x63, 0x61, 0x6C, 0x2D, 0x48, 0x3E,
    0x3C, 0x62, 0x2D, 0x63, 0x61, 0x6C, 0x2D, 0x49, 0x3E, 0x3C, 0x62, 0x2D, 0x63, 0x61, 0x6C, 0x2D,
    0x4A, 0x3E, 0x3C, 0x62, 0x2D, 0x63, 0x61, 0x6C, 0x2D, 0x4B, 0x3E, 0x3C, 0x62, 0x2D, 0x63, 0x61,
    0x6C, 0x2D, 0x4C, 0x3E, 0x3C, 0x62, 0x2D, 0x63, 0x61, 0x6C, 0x2D, 0x4D, 0x3E, 0x3C, 0x62, 0x2D,
    0x63, 0x61, 0x6C, 0x2D, 0x4E, 0x3E, 0x3C, 0x62, 0x2D, 0x63, 0x61, 0x6C, 0x2D, 0x4F, 0x3E, 0x3C,
    0x62, 0x2D, 0x63, 0x61, 0x6C, 0x2D, 0x50, 0x3E, 0x3C, 0x62, 0x2D, 0x63, 0x61, 0x6C, 0x2D, 0x51,
    0x3E, 0x3C, 0x62, 0x2D, 0x63, 0x61, 0x6C, 0x2D, 0x52, 0x3E, 0x3C, 0x62, 0x2D, 0x63, 0x61, 0x6C,
    0x2D, 0x53, 0x3E, 0x3C, 0x62, 0x2D, 0x63, 0x61, 0x6C, 0x2D, 0x54, 0x3E, 0x3C, 0x62, 0x2D, 0x63,
    0x61, 0x6C, 0x2D, 0x55, 0x3E, 0x3C, 0x62, 0x2D, 0x63, 0x61, 0x6C, 0x2D, 0x56, 0x3E, 0x3C, 0x62,
    0x2D, 0x63, 0x61, 0x6C, 0x2D, 0x57, 0x3E, 0x3C, 0x62, 0x2D, 0x63, 0x61, 0x6C, 0x2D, 0x58, 0x3E,
    0x3C, 0x62, 0x2D, 0x63, 0x61, 0x6C, 0x2D, 0x59, 0x3E, 0x3C, 0x62, 0x2D, 0x63, 0x61, 0x6C, 0x2D,
    0x5A, 0x3E, 0x3C, 0x62, 0x2D, 0x63, 0x61, 0x6C, 0x2D, 0x61, 0x3E, 0x3C, 0x62, 0x2D, 0x63, 0x61,
    0x6C, 0x2D, 0x62, 0x3E, 0x3C, 0x62, 0x2D, 0x63, 0x61, 0x6C, 0x2D, 0x63, 0x3E, 0x3C, 0x62, 0x2D,
    0x63, 0x61, 0x6C, 0x2D, 0x64, 0x3E, 0x3C, 0x62, 0x2D, 0x63, 0x61, 0x6C, 0x2D, 0x65, 0x3E, 0x3C,
    0x62, 0x2D, 0x63, 0x61, 0x6C, 0x2D, 0x66, 0x3E, 0x3C, 0x62, 0x2D, 0x63, 0x61, 0x6C, 0x2D, 0x67,
    0x3E, 0x3C, 0x62, 0x2D, 0x63, 0x61, 0x6C, 0x2D, 0x68, 0x3E, 0x3C, 0x62, 0x2D, 0x63, 0x61, 0x6C,
    0x2D, 0x69, 0x3E, 0x3C, 0x62, 0x2D, 0x63, 0x61, 0x6C, 0x2D, 0x6A, 0x3E, 0x3C, 0x62, 0x2D, 0x63,
    0x61, 0x6C, 0x2D, 0x6B, 0x3E, 0x3C, 0x62, 0x2D, 0x63, 0x61, 0x6C, 0x2D, 0x6C, 0x3E, 0x3C, 0x62,
    0x2D, 0x63, 0x61, 0x6C, 0x2D, 0x6D, 0x3E, 0x3C, 0x62, 0x2D, 0x63, 0x61, 0x6C, 0x2D, 0x6E, 0x3E,
    0x3C, 0x62, 0x2D, 0x63, 0x61, 0x6C, 0x2D, 0x6F, 0x3E, 0x3C, 0x62, 0x2D, 0x63, 0x61, 0x6C, 0x2D,
    0x70, 0x3E, 0x3C, 0x62, 0x2D, 0x63, 0x61, 0x6C, 0x2D, 0x71, 0x3E, 0x3C, 0x62, 0x2D, 0x63, 0x61,
    0x6C, 0x2D, 0x72, 0x3E, 0x3C, 0x62, 0x2D, 0x63, 0x61, 0x6C, 0x2D, 0x73, 0x3E, 0x3C, 0x62, 0x2D,
    0x63, 0x61, 0x6C, 0x2D, 0x74, 0x3E, 0x3C, 0x62, 0x2D, 0x63, 0x61, 0x6C, 0x2D, 0x75, 0x3E, 0x3C,
    0x62, 0x2D, 0x63, 0x61, 0x6C, 0x2D, 0x76, 0x3E, 0x3C, 0x62, 0x2D, 0x63, 0x61, 0x6C, 0x2D, 0x77,
    0x3E, 0x3C, 0x62, 0x2D, 0x63, 0x61, 0x6C, 0x2D, 0x78, 0x3E, 0x3C, 0x62, 0x2D, 0x63, 0x61, 0x6C,
    0x2D, 0x79, 0x3E, 0x3C, 0x62, 0x2D, 0x63, 0x61, 0x6C, 0x2D, 0x7A, 0x3E, 0x3C, 0x66, 0x72, 0x61,
    0x6B, 0x2D, 0x41, 0x3E, 0x3C, 0x66, 0x72, 0x61, 0x6B, 0x2D, 0x42, 0x3E, 0x3C, 0x66, 0x72, 0x61,
    0x6B, 0x2D, 0x44, 0x3E, 0x3C, 0x66, 0x72, 0x61, 0x6B, 0x2D, 0x45, 0x3E, 0x3C, 0x66, 0x72, 0x61,
    0x6B, 0x2D, 0x46, 0x3E, 0x3C, 0x66, 0x72, 0x61, 0x6B, 0x2D, 0x47, 0x3E, 0x3C, 0x66, 0x72, 0x61,
    0x6B, 0x2D, 0x4A, 0x3E, 0x3C, 0x66, 0x72, 0x61, 0x6B, 0x2D, 0x4B, 0x3E, 0x3C, 0x66, 0x72, 0x61,
    0x6B, 0x2D, 0x4C, 0x3E, 0x3C, 0x66, 0x72, 0x61, 0x6B, 0x2D, 0x4D, 0x3E, 0x3C, 0x66, 0x72, 0x61,
    0x6B, 0x2D, 0x4E, 0x3E, 0x3C, 0x66, 0x72, 0x61, 0x6B, 0x2D, 0x4F, 0x3E, 0x3C, 0x66, 0x72, 0x61,
    0x6B, 0x2D, 0x50, 0x3E, 0x3C, 0x66, 0x72, 0x61, 0x6B, 0x2D, 0x51, 0x3E, 0x3C, 0x66, 0x72, 0x61,
    0x6B, 0x2D, 0x53, 0x3E, 0x3C, 0x66, 0x72, 0x61, 0x6B, 0x2D, 0x54, 0x3E, 0x3C, 0x66, 0x72, 0x61,
    0x6B, 0x2D, 0x55, 0x3E, 0x3C, 0x66, 0x72, 0x61, 0x6B, 0x2D, 0x56, 0x3E, 0x3C, 0x66, 0x72, 0x61,
    0x6B, 0x2D, 0x57, 0x3E, 0x3C, 0x66, 0x72, 0x61, 0x6B, 0x2D, 0x58, 0x3E, 0x3C, 0x66, 0x72, 0x61,
    0x6B, 0x2D, 0x59, 0x3E, 0x3C, 0x66, 0x72, 0x61, 0x6B, 0x2D, 0x61, 0x3E, 0x3C, 0x66, 0x72, 0x61,
    0x6B, 0x2D, 0x62, 0x3E, 0x3C, 0x66, 0x72, 0x61, 0x6B, 0x2D, 0x63, 0x3E, 0x3C, 0x66, 0x72, 0x61,
    0x6B, 0x2D, 0x64, 0x3E, 0x3C, 0x66, 0x72, 0x61, 0x6B, 0x2D, 0x65, 0x3E, 0x3C, 0x66, 0x72, 0x61,
    0x6B, 0x2D, 0x66, 0x3E, 0x3C, 0x66, 0x72, 0x61, 0x6B, 0x2D, 0x67, 0x3E, 0x3C, 0x66, 0x72, 0x61,
    0x6B, 0x2D, 0x68, 0x3E, 0x3C, 0x66, 0x72, 0x61, 0x6B, 0x2D, 0x69, 0x3E, 0x3C, 0x66, 0x72, 0x61,
    0x6B, 0x2D, 0x6A, 0x3E, 0x3C, 0x66, 0x72, 0x61, 0x6B, 0x2D, 0x6B, 0x3E, 0x3C, 0x66, 0x72, 0x61,
    0x6B, 0x2D, 0x6C, 0x3E, 0x3C, 0x66, 0x72, 0x61, 0x6B, 0x2D, 0x6D, 0x3E, 0x3C, 0x66, 0x72, 0x61,
    0x6B, 0x2D, 0x6E, 0x3E, 0x3C, 0x66, 0x72, 0x61, 0x6B, 0x2D, 0x6F, 0x3E, 0x3C, 0x66, 0x72, 0x61,
    0x6B, 0x2D, 0x70, 0x3E, 0x3C, 0x66, 0x72, 0x61, 0x6B, 0x2D, 0x71, 0x3E, 0x3C, 0x66, 0x72, 0x61,
    0x6B, 0x2D, 0x72, 0x3E, 0x3C, 0x66, 0x72, 0x61, 0x6B, 0x2D, 0x73, 0x3E, 0x3C, 0x66, 0x72, 0x61,
    0x6B, 0x2D, 0x74, 0x3E, 0x3C, 0x66, 0x72, 0x61, 0x6B, 0x2D, 0x75, 0x3E, 0x3C, 0x66, 0x72, 0x61,
    0x6B, 0x2D, 0x76, 0x3E, 0x3C, 0x66, 0x72, 0x61, 0x6B, 0x2D, 0x77, 0x3E, 0x3C, 0x66, 0x72, 0x61,
    0x6B, 0x2D, 0x78, 0x3E, 0x3C, 0x66, 0x72, 0x61, 0x6B, 0x2D, 0x79, 0x3E, 0x3C, 0x66, 0x72, 0x61,
    0x6B, 0x2D, 0x7A, 0x3E, 0x3C, 0x62, 0x62, 0x62, 0x2D, 0x41, 0x3E, 0x3C, 0x62, 0x62, 0x62, 0x2D,
    0x42, 0x3E, 0x3C, 0x62, 0x62, 0x62, 0x2D, 0x44, 0x3E, 0x3C, 0x62, 0x62, 0x62, 0x2D, 0x45, 0x3E,
    0x3C, 0x62, 0x62, 0x62, 0x2D, 0x46, 0x3E, 0x3C, 0x62, 0x62, 0x62, 0x2D, 0x47, 0x3E, 0x3C, 0x62,
    0x62, 0x62, 0x2D, 0x49, 0x3E, 0x3C, 0x62, 0x62, 0x62, 0x2D, 0x4A, 0x3E, 0x3C, 0x62, 0x62, 0x62,
    0x2D, 0x4B, 0x3E, 0x3C, 0x62, 0x62, 0x62, 0x2D, 0x4C, 0x3E, 0x3C, 0x62, 0x62, 0x62, 0x2D, 0x4D,
    0x3E, 0x3C, 0x62, 0x62, 0x62, 0x2D, 0x4F, 0x3E, 0x3C, 0x62, 0x62, 0x62, 0x2D, 0x53, 0x3E, 0x3C,
    0x62, 0x62, 0x62, 0x2D, 0x54, 0x3E, 0x3C, 0x62, 0x62, 0x62, 0x2D, 0x55, 0x3E, 0x3C, 0x62, 0x62,
    0x62, 0x2D, 0x56, 0x3E, 0x3C, 0x62, 0x62, 0x62, 0x2D, 0x57, 0x3E, 0x3C, 0x62, 0x62, 0x62, 0x2D,
    0x58, 0x3E, 0x3C, 0x62, 0x62, 0x62, 0x2D, 0x59, 0x3E, 0x3C, 0x62, 0x62, 0x62, 0x2D, 0x61, 0x3E,
    0x3C, 0x62, 0x62, 0x62, 0x2D, 0x62, 0x3E, 0x3C, 0x62, 0x62, 0x62, 0x2D, 0x63, 0x3E, 0x3C, 0x62,
    0x62, 0x62, 0x2D, 0x64, 0x3E, 0x3C, 0x62, 0x62, 0x62, 0x2D, 0x65, 0x3E, 0x3C, 0x62, 0x62, 0x62,
    0x2D, 0x66, 0x3E, 0x3C, 0x62, 0x62, 0x62, 0x2D, 0x67, 0x3E, 0x3C, 0x62, 0x62, 0x62, 0x2D, 0x68,
    0x3E, 0x3C, 0x62, 0x62, 0x62, 0x2D, 0x69, 0x3E, 0x3C, 0x62, 0x62, 0x62, 0x2D, 0x6A, 0x3E, 0x3C,
    0x62, 0x62, 0x62, 0x2D, 0x6B, 0x3E, 0x3C, 0x62, 0x62, 0x62, 0x2D, 0x6C, 0x3E, 0x3C, 0x62, 0x62,
    0x62, 0x2D, 0x6D, 0x3E, 0x3C, 0x62, 0x62, 0x62, 0x2D, 0x6E, 0x3E, 0x3C, 0x62, 0x62, 0x62, 0x2D,
    0x6F, 0x3E, 0x3C, 0x62, 0x62, 0x62, 0x2D, 0x70, 0x3E, 0x3C, 0x62, 0x62, 0x62, 0x2D, 0x71, 0x3E,
    0x3C, 0x62, 0x62, 0x62, 0x2D, 0x72, 0x3E, 0x3C, 0x62, 0x62, 0x62, 0x2D, 0x73, 0x3E, 0x3C, 0x62,
    0x62, 0x62, 0x2D, 0x74, 0x3E, 0x3C, 0x62, 0x62, 0x62, 0x2D, 0x75, 0x3E, 0x3C, 0x62, 0x62, 0x62,
    0x2D, 0x76, 0x3E, 0x3C, 0x62, 0x62, 0x62, 0x2D, 0x77, 0x3E, 0x3C, 0x62, 0x62, 0x62, 0x2D, 0x78,
    0x3E, 0x3C, 0x62, 0x62, 0x62, 0x2D, 0x79, 0x3E, 0x3C, 0x62, 0x62, 0x62, 0x2D, 0x7A, 0x3E, 0x3C,
    0x62, 0x2D, 0x41, 0x6C, 0x70, 0x68, 0x61, 0x3E, 0x3C, 0x62, 0x2D, 0x42, 0x65, 0x74, 0x61, 0x3E,
    0x3C, 0x62, 0x2D, 0x47, 0x61, 0x6D, 0x6D, 0x61, 0x3E, 0x3C, 0x62, 0x2D, 0x44, 0x65, 0x6C, 0x74,
    0x61, 0x3E, 0x3C, 0x62, 0x2D, 0x45, 0x70, 0x73, 0x69, 0x6C, 0x6F, 0x6E, 0x3E, 0x3C, 0x62, 0x2D,
    0x5A, 0x65, 0x74, 0x61, 0x3E, 0x3C, 0x62, 0x2D, 0x45, 0x74, 0x61, 0x3E, 0x3C, 0x62, 0x2D, 0x54,
    0x68, 0x65, 0x74, 0x61, 0x3E, 0x3C, 0x62, 0x2D, 0x49, 0x6F, 0x74, 0x61, 0x3E, 0x3C, 0x62, 0x2D,
    0x4B, 0x61, 0x70, 0x70, 0x61, 0x3E, 0x3C, 0x62, 0x2D, 0x4C, 0x61, 0x6D, 0x62, 0x64, 0x61, 0x3E,
    0x3C, 0x62, 0x2D, 0x4D, 0x75, 0x3E, 0x3C, 0x62, 0x2D, 0x4E, 0x75, 0x3E, 0x3C, 0x62, 0x2D, 0x58,
    0x69, 0x3E, 0x3C, 0x62, 0x2D, 0x4F, 0x6D, 0x69, 0x63, 0x72, 0x6F, 0x6E, 0x3E, 0x3C, 0x62, 0x2D,
    0x50, 0x69, 0x3E, 0x3C, 0x62, 0x2D, 0x52, 0x68, 0x6F, 0x3E, 0x3C, 0x62, 0x2D, 0x53, 0x69, 0x67,
    0x6D, 0x61, 0x3E, 0x3C, 0x62, 0x2D, 0x54, 0x61, 0x75, 0x3E, 0x3C, 0x62, 0x2D, 0x55, 0x70, 0x73,
    0x69, 0x6C, 0x6F, 0x6E, 0x3E, 0x3C, 0x62, 0x2D, 0x50, 0x68, 0x69, 0x3E, 0x3C, 0x62, 0x2D, 0x43,
    0x68, 0x69, 0x3E, 0x3C, 0x62, 0x2D, 0x50, 0x73, 0x69, 0x3E, 0x3C, 0x62, 0x2D, 0x4F, 0x6D, 0x65,
    0x67, 0x61, 0x3E, 0x3C, 0x62, 0x2D, 0x75, 0x70, 0x2D, 0x61, 0x6C, 0x70, 0x68, 0x61, 0x3E, 0x3C,
    0x62, 0x2D, 0x75, 0x70, 0x2D, 0x62, 0x65, 0x74, 0x61, 0x3E, 0x3C, 0x62, 0x2D, 0x75, 0x70, 0x2D,
    0x67, 0x61, 0x6D, 0x6D, 0x61, 0x3E, 0x3C, 0x62, 0x2D, 0x75, 0x70, 0x2D, 0x64, 0x65, 0x6C, 0x74,
    0x61, 0x3E, 0x3C, 0x62, 0x2D, 0x75, 0x70, 0x2D, 0x76, 0x61, 0x72, 0x65, 0x70, 0x73, 0x69, 0x6C,
    0x6F, 0x6E, 0x3E, 0x3C, 0x62, 0x2D, 0x75, 0x70, 0x2D, 0x7A, 0x65, 0x74, 0x61, 0x3E, 0x3C, 0x62,
    0x2D, 0x75, 0x70, 0x2D, 0x65, 0x74, 0x61, 0x3E, 0x3C, 0x62, 0x2D, 0x75, 0x70, 0x2D, 0x74, 0x68,
    0x65, 0x74, 0x61, 0x3E, 0x3C, 0x62, 0x2D, 0x75, 0x70, 0x2D, 0x69, 0x6F, 0x74, 0x61, 0x3E, 0x3C,
    0x62, 0x2D, 0x75, 0x70, 0x2D, 0x6B, 0x61, 0x70, 0x70, 0x61, 0x3E, 0x3C, 0x62, 0x2D, 0x75, 0x70,
    0x2D, 0x6C, 0x61, 0x6D, 0x62, 0x64, 0x61, 0x3E, 0x3C, 0x62, 0x2D, 0x75, 0x70, 0x2D, 0x6D, 0x75,
    0x3E, 0x3C, 0x62, 0x2D, 0x75, 0x70, 0x2D, 0x6E, 0x75, 0x3E, 0x3C, 0x62, 0x2D, 0x75, 0x70, 0x2D,
    0x78, 0x69, 0x3E, 0x3C, 0x62, 0x2D, 0x75, 0x70, 0x2D, 0x6F, 0x6D, 0x69, 0x63, 0x72, 0x6F, 0x6E,
    0x3E, 0x3C, 0x62, 0x2D, 0x75, 0x70, 0x2D, 0x70, 0x69, 0x3E, 0x3C, 0x62, 0x2D, 0x75, 0x70, 0x2D,
    0x72, 0x68, 0x6F, 0x3E, 0x3C, 0x62, 0x2D, 0x75, 0x70, 0x2D, 0x76, 0x61, 0x72, 0x73, 0x69, 0x67,
    0x6D, 0x61, 0x3E, 0x3C, 0x62, 0x2D, 0x75, 0x70, 0x2D, 0x73, 0x69, 0x67, 0x6D, 0x61, 0x3E, 0x3C,
    0x62, 0x2D, 0x75, 0x70, 0x2D, 0x74, 0x61, 0x75, 0x3E, 0x3C, 0x62, 0x2D, 0x75, 0x70, 0x2D, 0x75,
    0x70, 0x73, 0x69, 0x6C, 0x6F, 0x6E, 0x3E, 0x3C, 0x62, 0x2D, 0x75, 0x70, 0x2D, 0x76, 0x61, 0x72,
    0x70, 0x68, 0x69, 0x3E, 0x3C, 0x62, 0x2D, 0x75, 0x70, 0x2D, 0x63, 0x68, 0x69, 0x3E, 0x3C, 0x62,
    0x2D, 0x75, 0x70, 0x2D, 0x70, 0x73, 0x69, 0x3E, 0x3C, 0x62, 0x2D, 0x75, 0x70, 0x2D, 0x6F, 0x6D,
    0x65, 0x67, 0x61, 0x3E, 0x3C, 0x62, 0x2D, 0x75, 0x70, 0x2D, 0x65, 0x70, 0x73, 0x69, 0x6C, 0x6F,
    0x6E, 0x3E, 0x3C, 0x62, 0x2D, 0x75, 0x70, 0x2D, 0x76, 0x61, 0x72, 0x74, 0x68, 0x65, 0x74, 0x61,
    0x3E, 0x3C, 0x62, 0x2D, 0x75, 0x70, 0x2D, 0x76, 0x61, 0x72, 0x6B, 0x61, 0x70, 0x70, 0x61, 0x3E,
    0x3C, 0x62, 0x2D, 0x75, 0x70, 0x2D, 0x70, 0x68, 0x69, 0x3E, 0x3C, 0x62, 0x2D, 0x75, 0x70, 0x2D,
    0x76, 0x61, 0x72, 0x72, 0x68, 0x6F, 0x3E, 0x3C, 0x62, 0x2D, 0x75, 0x70, 0x2D, 0x76, 0x61, 0x72,
    0x70, 0x69, 0x3E, 0x3C, 0x76, 0x61, 0x72, 0x4F, 0x6D, 0x65, 0x67, 0x61, 0x3E, 0x3C, 0x62, 0x2D,
    0x61, 0x6C, 0x70, 0x68, 0x61, 0x3E, 0x3C, 0x62, 0x2D, 0x62, 0x65, 0x74, 0x61, 0x3E, 0x3C, 0x62,
    0x2D, 0x67, 0x61, 0x6D, 0x6D, 0x61, 0x3E, 0x3C, 0x62, 0x2D, 0x64, 0x65, 0x6C, 0x74, 0x61, 0x3E,
    0x3C, 0x62, 0x2D, 0x76, 0x61, 0x72, 0x65, 0x70, 0x73, 0x69, 0x6C, 0x6F, 0x6E, 0x3E, 0x3C, 0x62,
    0x2D, 0x7A, 0x65, 0x74, 0x61, 0x3E, 0x3C, 0x62, 0x2D, 0x65, 0x74, 0x61, 0x3E, 0x3C, 0x62, 0x2D,
    0x74, 0x68, 0x65, 0x74, 0x61, 0x3E, 0x3C, 0x62, 0x2D, 0x69, 0x6F, 0x74, 0x61, 0x3E, 0x3C, 0x62,
    0x2D, 0x6B, 0x61, 0x70, 0x70, 0x61, 0x3E, 0x3C, 0x62, 0x2D, 0x6C, 0x61, 0x6D, 0x62, 0x64, 0x61,
    0x3E, 0x3C, 0x62, 0x2D, 0x6D, 0x75, 0x3E, 0x3C, 0x62, 0x2D, 0x6E, 0x75, 0x3E, 0x3C, 0x62, 0x2D,
    0x78, 0x69, 0x3E, 0x3C, 0x62, 0x2D, 0x6F, 0x6D, 0x69, 0x63, 0x72, 0x6F, 0x6E, 0x3E, 0x3C, 0x62,
    0x2D, 0x70, 0x69, 0x3E, 0x3C, 0x62, 0x2D, 0x72, 0x68, 0x6F, 0x3E, 0x3C, 0x62, 0x2D, 0x76, 0x61,
    0x72, 0x73, 0x69, 0x67, 0x6D, 0x61, 0x3E, 0x3C, 0x62, 0x2D, 0x73, 0x69, 0x67, 0x6D, 0x61, 0x3E,
    0x3C, 0x62, 0x2D, 0x74, 0x61, 0x75, 0x3E, 0x3C, 0x62, 0x2D, 0x75, 0x70, 0x73, 0x69, 0x6C, 0x6F,
    0x6E, 0x3E, 0x3C, 0x62, 0x2D, 0x76, 0x61, 0x72, 0x70, 0x68, 0x69, 0x3E, 0x3C, 0x62, 0x2D, 0x63,
    0x68, 0x69, 0x3E, 0x3C, 0x62, 0x2D, 0x70, 0x73, 0x69, 0x3E, 0x3C, 0x62, 0x2D, 0x6F, 0x6D, 0x65,
    0x67, 0x61, 0x3E, 0x3C, 0x62, 0x2D, 0x65, 0x70, 0x73, 0x69, 0x6C, 0x6F, 0x6E, 0x3E, 0x3C, 0x62,
    0x2D, 0x76, 0x61, 0x72, 0x74, 0x68, 0x65, 0x74, 0x61, 0x3E, 0x3C, 0x62, 0x2D, 0x76, 0x61, 0x72,
    0x6B, 0x61, 0x70, 0x70, 0x61, 0x3E, 0x3C, 0x62, 0x2D, 0x70, 0x68, 0x69, 0x3E, 0x3C, 0x62, 0x2D,
    0x76, 0x61, 0x72, 0x72, 0x68, 0x6F, 0x3E, 0x3C, 0x62, 0x2D, 0x76, 0x61, 0x72, 0x70, 0x69, 0x3E,
    0x3C, 0x62, 0x2D, 0x30, 0x3E, 0x3C, 0x62, 0x2D, 0x31, 0x3E, 0x3C, 0x62, 0x2D, 0x32, 0x3E, 0x3C,
    0x62, 0x2D, 0x33, 0x3E, 0x3C, 0x62, 0x2D, 0x34, 0x3E, 0x3C, 0x62, 0x2D, 0x35, 0x3E, 0x3C, 0x62,
    0x2D, 0x36, 0x3E, 0x3C, 0x62, 0x2D, 0x37, 0x3E, 0x3C, 0x62, 0x2D, 0x38, 0x3E, 0x3C, 0x62, 0x2D,
    0x39, 0x3E,
};

// cork byte 0..255: {offset, len} into cork_to_utf8_byte_pool.
// len==0 means the cork byte has no UTF-8 mapping (passthrough).
static const cork_slice cork_to_utf8_byte[256] = {
    {0, 1}, {1, 2}, {3, 2}, {5, 2},
    {7, 2}, {9, 2}, {11, 2}, {13, 2},
    {15, 2}, {17, 2}, {19, 2}, {21, 2},
    {23, 2}, {25, 3}, {28, 3}, {31, 3},
    {34, 3}, {37, 3}, {40, 3}, {43, 2},
    {45, 2}, {47, 3}, {50, 3}, {53, 3},
    {56, 1}, {57, 2}, {59, 1}, {60, 3},
    {63, 3}, {66, 3}, {69, 3}, {72, 3},
    {75, 1}, {76, 1}, {77, 1}, {78, 1},
    {79, 1}, {80, 1}, {81, 1}, {82, 1},
    {83, 1}, {84, 1}, {85, 1}, {86, 1},
    {87, 1}, {88, 1}, {89, 1}, {90, 1},
    {91, 1}, {92, 1}, {93, 1}, {94, 1},
    {95, 1}, {96, 1}, {97, 1}, {98, 1},
    {99, 1}, {100, 1}, {101, 1}, {102, 1},
    {103, 0}, {103, 1}, {104, 0}, {104, 1},
    {105, 1}, {106, 1}, {107, 1}, {108, 1},
    {109, 1}, {110, 1}, {111, 1}, {112, 1},
    {113, 1}, {114, 1}, {115, 1}, {116, 1},
    {117, 1}, {118, 1}, {119, 1}, {120, 1},
    {121, 1}, {122, 1}, {123, 1}, {124, 1},
    {125, 1}, {126, 1}, {127, 1}, {128, 1},
    {129, 1}, {130, 1}, {131, 1}, {132, 1},
    {133, 1}, {134, 1}, {135, 1}, {136, 1},
    {137, 3}, {140, 1}, {141, 1}, {142, 1},
    {143, 1}, {144, 1}, {145, 1}, {146, 1},
    {147, 1}, {148, 1}, {149, 1}, {150, 1},
    {151, 1}, {152, 1}, {153, 1}, {154, 1},
    {155, 1}, {156, 1}, {157, 1}, {158, 1},
    {159, 1}, {160, 1}, {161, 1}, {162, 1},
    {163, 1}, {164, 1}, {165, 1}, {166, 1},
    {167, 1}, {168, 1}, {169, 1}, {170, 3},
    {173, 2}, {175, 2}, {177, 2}, {179, 2},
    {181, 2}, {183, 2}, {185, 2}, {187, 2},
    {189, 2}, {191, 2}, {193, 2}, {195, 2},
    {197, 2}, {199, 2}, {201, 2}, {203, 2},
    {205, 2}, {207, 2}, {209, 2}, {211, 2},
    {213, 2}, {215, 2}, {217, 2}, {219, 2},
    {221, 2}, {223, 2}, {225, 2}, {227, 2},
    {229, 2}, {231, 2}, {233, 2}, {235, 2},
    {237, 2}, {239, 2}, {241, 2}, {243, 2},
    {245, 2}, {247, 2}, {249, 2}, {251, 2},
    {253, 2}, {255, 2}, {257, 2}, {259, 2},
    {261, 2}, {263, 2}, {265, 2}, {267, 2},
    {269, 2}, {271, 2}, {273, 2}, {275, 2},
    {277, 2}, {279, 2}, {281, 2}, {283, 2},
    {285, 2}, {287, 2}, {289, 2}, {291, 2},
    {293, 2}, {295, 2}, {297, 2}, {299, 2},
    {301, 2}, {303, 2}, {305, 2}, {307, 2},
    {309, 2}, {311, 2}, {313, 2}, {315, 2},
    {317, 2}, {319, 2}, {321, 2}, {323, 2},
    {325, 2}, {327, 2}, {329, 2}, {331, 2},
    {333, 2}, {335, 2}, {337, 2}, {339, 2},
    {341, 2}, {343, 2}, {345, 2}, {347, 2},
    {349, 2}, {351, 2}, {353, 2}, {355, 2},
    {357, 2}, {359, 2}, {361, 2}, {363, 2},
    {365, 2}, {367, 2}, {369, 2}, {371, 2},
    {373, 2}, {375, 2}, {377, 2}, {379, 2},
    {381, 2}, {383, 2}, {385, 2}, {387, 2},
    {389, 2}, {391, 2}, {393, 2}, {395, 2},
    {397, 2}, {399, 2}, {401, 2}, {403, 2},
    {405, 2}, {407, 2}, {409, 2}, {411, 2},
    {413, 2}, {415, 2}, {417, 2}, {419, 2},
    {421, 2}, {423, 2}, {425, 2}, {427, 2},
};
static const unsigned char cork_to_utf8_byte_pool[429] = {
    0x60, 0xC2, 0xB4, 0xCB, 0x86, 0xCB, 0x9C, 0xC2, 0xA8, 0xCB, 0x9D, 0xCB, 0x9A, 0xCB, 0x87, 0xCB,
    0x98, 0xC2, 0xAF, 0xCB, 0x99, 0xC2, 0xB8, 0xCB, 0x9B, 0xE2, 0x80, 0x9A, 0xE2, 0x80, 0xB9, 0xE2,
    0x80, 0xBA, 0xE2, 0x80, 0x9C, 0xE2, 0x80, 0x9D, 0xE2, 0x80, 0x9E, 0xC2, 0xAB, 0xC2, 0xBB, 0xE2,
    0x80, 0x93, 0xE2, 0x80, 0x94, 0xE2, 0x81, 0xA0, 0x30, 0xC4, 0xB1, 0x6A, 0xEF, 0xAC, 0x80, 0xEF,
    0xAC, 0x81, 0xEF, 0xAC, 0x82, 0xEF, 0xAC, 0x83, 0xEF, 0xAC, 0x84, 0x20, 0x21, 0x22, 0x23, 0x24,
    0x25, 0x26, 0x27, 0x28, 0x29, 0x2A, 0x2B, 0x2C, 0x2D, 0x2E, 0x2F, 0x30, 0x31, 0x32, 0x33, 0x34,
    0x35, 0x36, 0x37, 0x38, 0x39, 0x3A, 0x3B, 0x3D, 0x3F, 0x40, 0x41, 0x42, 0x43, 0x44, 0x45, 0x46,
    0x47, 0x48, 0x49, 0x4A, 0x4B, 0x4C, 0x4D, 0x4E, 0x4F, 0x50, 0x51, 0x52, 0x53, 0x54, 0x55, 0x56,
    0x57, 0x58, 0x59, 0x5A, 0x5B, 0x5C, 0x5D, 0x5E, 0x5F, 0xE2, 0x80, 0x98, 0x61, 0x62, 0x63, 0x64,
    0x65, 0x66, 0x67, 0x68, 0x69, 0x6A, 0x6B, 0x6C, 0x6D, 0x6E, 0x6F, 0x70, 0x71, 0x72, 0x73, 0x74,
    0x75, 0x76, 0x77, 0x78, 0x79, 0x7A, 0x7B, 0x7C, 0x7D, 0x7E, 0xE2, 0x80, 0x90, 0xC4, 0x82, 0xC4,
    0x84, 0xC4, 0x86, 0xC4, 0x8C, 0xC4, 0x8E, 0xC4, 0x9A, 0xC4, 0x98, 0xC4, 0x9E, 0xC4, 0xB9, 0xC4,
    0xBD, 0xC5, 0x81, 0xC5, 0x83, 0xC5, 0x87, 0xC5, 0x8A, 0xC5, 0x90, 0xC5, 0x94, 0xC5, 0x98, 0xC5,
    0x9A, 0xC5, 0xA0, 0xC5, 0x9E, 0xC5, 0xA4, 0xC5, 0xA2, 0xC5, 0xB0, 0xC5, 0xAE, 0xC5, 0xB8, 0xC5,
    0xB9, 0xC5, 0xBD, 0xC5, 0xBB, 0xC4, 0xB2, 0xC4, 0xB0, 0xC4, 0x91, 0xC2, 0xA7, 0xC4, 0x83, 0xC4,
    0x85, 0xC4, 0x87, 0xC4, 0x8D, 0xC4, 0x8F, 0xC4, 0x9B, 0xC4, 0x99, 0xC4, 0x9F, 0xC4, 0xBA, 0xC4,
    0xBE, 0xC5, 0x82, 0xC5, 0x84, 0xC5, 0x88, 0xC5, 0x8B, 0xC5, 0x91, 0xC5, 0x95, 0xC5, 0x99, 0xC5,
    0x9B, 0xC5, 0xA1, 0xC5, 0x9F, 0xC5, 0xA5, 0xC5, 0xA3, 0xC5, 0xB1, 0xC5, 0xAF, 0xC3, 0xBF, 0xC5,
    0xBA, 0xC5, 0xBE, 0xC5, 0xBC, 0xC4, 0xB3, 0xC2, 0xA1, 0xC2, 0xBF, 0xC2, 0xA3, 0xC3, 0x80, 0xC3,
    0x81, 0xC3, 0x82, 0xC3, 0x83, 0xC3, 0x84, 0xC3, 0x85, 0xC3, 0x86, 0xC3, 0x87, 0xC3, 0x88, 0xC3,
    0x89, 0xC3, 0x8A, 0xC3, 0x8B, 0xC3, 0x8C, 0xC3, 0x8D, 0xC3, 0x8E, 0xC3, 0x8F, 0xC3, 0x90, 0xC3,
    0x91, 0xC3, 0x92, 0xC3, 0x93, 0xC3, 0x94, 0xC3, 0x95, 0xC3, 0x96, 0xC5, 0x92, 0xC3, 0x98, 0xC3,
    0x99, 0xC3, 0x9A, 0xC3, 0x9B, 0xC3, 0x9C, 0xC3, 0x9D, 0xC3, 0x9E, 0x53, 0x53, 0xC3, 0xA0, 0xC3,
    0xA1, 0xC3, 0xA2, 0xC3, 0xA3, 0xC3, 0xA4, 0xC3, 0xA5, 0xC3, 0xA6, 0xC3, 0xA7, 0xC3, 0xA8, 0xC3,
    0xA9, 0xC3, 0xAA, 0xC3, 0xAB, 0xC3, 0xAC, 0xC3, 0xAD, 0xC3, 0xAE, 0xC3, 0xAF, 0xC3, 0xB0, 0xC3,
    0xB1, 0xC3, 0xB2, 0xC3, 0xB3, 0xC3, 0xB4, 0xC3, 0xB5, 0xC3, 0xB6, 0xC5, 0x93, 0xC3, 0xB8, 0xC3,
    0xB9, 0xC3, 0xBA, 0xC3, 0xBB, 0xC3, 0xBC, 0xC3, 0xBD, 0xC3, 0xBE, 0xC3, 0x9F,
};

static const int cork_to_utf8_entity_count = 1187;
// entity (multi-byte cork key starting with '<' and ending with '>'):
// keys sorted for binary search.
static const cork_slice cork_to_utf8_entity_keys[1187] = {
    {0, 5}, {5, 4}, {9, 4}, {13, 4},
    {17, 8}, {25, 17}, {42, 10}, {52, 17},
    {69, 18}, {87, 15}, {102, 7}, {109, 6},
    {115, 6}, {121, 8}, {129, 5}, {134, 8},
    {142, 8}, {150, 5}, {155, 12}, {167, 5},
    {172, 8}, {180, 5}, {185, 11}, {196, 7},
    {203, 11}, {214, 9}, {223, 5}, {228, 7},
    {235, 4}, {239, 6}, {245, 7}, {252, 12},
    {264, 11}, {275, 12}, {287, 8}, {295, 11},
    {306, 14}, {320, 16}, {336, 19}, {355, 12},
    {367, 15}, {382, 15}, {397, 18}, {415, 20},
    {435, 23}, {458, 16}, {474, 19}, {493, 13},
    {506, 17}, {523, 5}, {528, 5}, {533, 4},
    {537, 4}, {541, 4}, {545, 4}, {549, 7},
    {556, 9}, {565, 5}, {570, 4}, {574, 5},
    {579, 13}, {592, 12}, {604, 13}, {617, 4},
    {621, 5}, {626, 12}, {638, 15}, {653, 13},
    {666, 5}, {671, 7}, {678, 8}, {686, 8},
    {694, 8}, {702, 5}, {707, 7}, {714, 7},
    {721, 9}, {730, 9}, {739, 13}, {752, 9},
    {761, 7}, {768, 8}, {776, 6}, {782, 4},
    {786, 6}, {792, 4}, {796, 4}, {800, 11},
    {811, 7}, {818, 4}, {822, 7}, {829, 7},
    {836, 7}, {843, 7}, {850, 7}, {857, 8},
    {865, 10}, {875, 10}, {885, 7}, {892, 9},
    {901, 8}, {909, 5}, {914, 10}, {924, 10},
    {934, 7}, {941, 5}, {946, 5}, {951, 5},
    {956, 5}, {961, 5}, {966, 5}, {971, 5},
    {976, 5}, {981, 5}, {986, 5}, {991, 5},
    {996, 9}, {1005, 5}, {1010, 8}, {1018, 5},
    {1023, 7}, {1030, 5}, {1035, 9}, {1044, 5},
    {1049, 11}, {1060, 7}, {1067, 5}, {1072, 5},
    {1077, 9}, {1086, 5}, {1091, 5}, {1096, 8},
    {1104, 5}, {1109, 5}, {1114, 9}, {1123, 5},
    {1128, 10}, {1138, 5}, {1143, 7}, {1150, 6},
    {1156, 5}, {1161, 6}, {1167, 5}, {1172, 9},
    {1181, 11}, {1192, 5}, {1197, 7}, {1204, 6},
    {1210, 7}, {1217, 5}, {1222, 5}, {1227, 7},
    {1234, 5}, {1239, 9}, {1248, 5}, {1253, 7},
    {1260, 9}, {1269, 5}, {1274, 11}, {1285, 5},
    {1290, 5}, {1295, 5}, {1300, 6}, {1306, 5},
    {1311, 5}, {1316, 8}, {1324, 5}, {1329, 9},
    {1338, 5}, {1343, 15}, {1358, 8}, {1366, 5},
    {1371, 9}, {1380, 9}, {1389, 9}, {1398, 9},
    {1407, 9}, {1416, 9}, {1425, 9}, {1434, 9},
    {1443, 9}, {1452, 9}, {1461, 9}, {1470, 9},
    {1479, 9}, {1488, 9}, {1497, 9}, {1506, 9},
    {1515, 9}, {1524, 9}, {1533, 9}, {1542, 9},
    {1551, 9}, {1560, 9}, {1569, 9}, {1578, 9},
    {1587, 9}, {1596, 9}, {1605, 9}, {1614, 9},
    {1623, 9}, {1632, 9}, {1641, 9}, {1650, 9},
    {1659, 9}, {1668, 9}, {1677, 9}, {1686, 9},
    {1695, 9}, {1704, 9}, {1713, 9}, {1722, 9},
    {1731, 9}, {1740, 9}, {1749, 9}, {1758, 9},
    {1767, 9}, {1776, 9}, {1785, 9}, {1794, 9},
    {1803, 9}, {1812, 9}, {1821, 9}, {1830, 9},
    {1839, 7}, {1846, 5}, {1851, 9}, {1860, 5},
    {1865, 7}, {1872, 11}, {1883, 7}, {1890, 5},
    {1895, 5}, {1900, 9}, {1909, 5}, {1914, 5},
    {1919, 8}, {1927, 5}, {1932, 5}, {1937, 9},
    {1946, 5}, {1951, 10}, {1961, 5}, {1966, 6},
    {1972, 5}, {1977, 6}, {1983, 5}, {1988, 9},
    {1997, 11}, {2008, 5}, {2013, 7}, {2020, 6},
    {2026, 7}, {2033, 5}, {2038, 5}, {2043, 7},
    {2050, 5}, {2055, 9}, {2064, 5}, {2069, 7},
    {2076, 9}, {2085, 5}, {2090, 8}, {2098, 8},
    {2106, 8}, {2114, 8}, {2122, 8}, {2130, 8},
    {2138, 8}, {2146, 8}, {2154, 8}, {2162, 8},
    {2170, 8}, {2178, 8}, {2186, 8}, {2194, 8},
    {2202, 8}, {2210, 8}, {2218, 8}, {2226, 8},
    {2234, 8}, {2242, 8}, {2250, 8}, {2258, 8},
    {2266, 8}, {2274, 8}, {2282, 8}, {2290, 8},
    {2298, 8}, {2306, 12}, {2318, 8}, {2326, 11},
    {2337, 8}, {2345, 10}, {2355, 8}, {2363, 12},
    {2375, 8}, {2383, 14}, {2397, 10}, {2407, 8},
    {2415, 8}, {2423, 12}, {2435, 8}, {2443, 8},
    {2451, 11}, {2462, 8}, {2470, 8}, {2478, 12},
    {2490, 8}, {2498, 13}, {2511, 8}, {2519, 9},
    {2528, 8}, {2536, 9}, {2545, 8}, {2553, 12},
    {2565, 14}, {2579, 8}, {2587, 10}, {2597, 9},
    {2606, 10}, {2616, 8}, {2624, 8}, {2632, 10},
    {2642, 8}, {2650, 12}, {2662, 8}, {2670, 10},
    {2680, 12}, {2692, 8}, {2700, 14}, {2714, 8},
    {2722, 17}, {2739, 15}, {2754, 13}, {2767, 12},
    {2779, 13}, {2792, 15}, {2807, 15}, {2822, 8},
    {2830, 8}, {2838, 9}, {2847, 8}, {2855, 8},
    {2863, 11}, {2874, 11}, {2885, 5}, {2890, 14},
    {2904, 12}, {2916, 10}, {2926, 9}, {2935, 10},
    {2945, 12}, {2957, 12}, {2969, 5}, {2974, 5},
    {2979, 6}, {2985, 5}, {2990, 5}, {2995, 8},
    {3003, 13}, {3016, 11}, {3027, 9}, {3036, 11},
    {3047, 11}, {3058, 5}, {3063, 10}, {3073, 7},
    {3080, 7}, {3087, 7}, {3094, 7}, {3101, 7},
    {3108, 7}, {3115, 7}, {3122, 7}, {3129, 7},
    {3136, 7}, {3143, 7}, {3150, 7}, {3157, 7},
    {3164, 7}, {3171, 7}, {3178, 7}, {3185, 7},
    {3192, 7}, {3199, 7}, {3206, 7}, {3213, 7},
    {3220, 7}, {3227, 7}, {3234, 7}, {3241, 7},
    {3248, 7}, {3255, 7}, {3262, 7}, {3269, 7},
    {3276, 7}, {3283, 7}, {3290, 7}, {3297, 7},
    {3304, 7}, {3311, 7}, {3318, 7}, {3325, 7},
    {3332, 7}, {3339, 7}, {3346, 7}, {3353, 7},
    {3360, 7}, {3367, 7}, {3374, 7}, {3381, 7},
    {3388, 7}, {3395, 7}, {3402, 7}, {3409, 7},
    {3416, 7}, {3423, 7}, {3430, 7}, {3437, 9},
    {3446, 6}, {3452, 6}, {3458, 9}, {3467, 13},
    {3480, 11}, {3491, 11}, {3502, 9}, {3511, 11},
    {3522, 9}, {3531, 11}, {3542, 9}, {3551, 14},
    {3565, 17}, {3582, 13}, {3595, 11}, {3606, 16},
    {3622, 12}, {3634, 10}, {3644, 15}, {3659, 11},
    {3670, 9}, {3679, 14}, {3693, 12}, {3705, 10},
    {3715, 14}, {3729, 12}, {3741, 17}, {3758, 13},
    {3771, 11}, {3782, 16}, {3798, 12}, {3810, 10},
    {3820, 15}, {3835, 13}, {3848, 11}, {3859, 14},
    {3873, 12}, {3885, 15}, {3900, 13}, {3913, 12},
    {3925, 10}, {3935, 13}, {3948, 11}, {3959, 13},
    {3972, 11}, {3983, 14}, {3997, 12}, {4009, 11},
    {4020, 9}, {4029, 16}, {4045, 15}, {4060, 18},
    {4078, 14}, {4092, 17}, {4109, 13}, {4122, 16},
    {4138, 16}, {4154, 19}, {4173, 15}, {4188, 18},
    {4206, 14}, {4220, 17}, {4237, 11}, {4248, 9},
    {4257, 13}, {4270, 11}, {4281, 9}, {4290, 9},
    {4299, 17}, {4316, 15}, {4331, 14}, {4345, 14},
    {4359, 13}, {4372, 13}, {4385, 15}, {4400, 19},
    {4419, 19}, {4438, 20}, {4458, 5}, {4463, 5},
    {4468, 8}, {4476, 8}, {4484, 11}, {4495, 11},
    {4506, 8}, {4514, 10}, {4524, 9}, {4533, 10},
    {4543, 10}, {4553, 7}, {4560, 12}, {4572, 8},
    {4580, 8}, {4588, 7}, {4595, 7}, {4602, 7},
    {4609, 7}, {4616, 7}, {4623, 7}, {4630, 7},
    {4637, 7}, {4644, 7}, {4651, 7}, {4658, 7},
    {4665, 7}, {4672, 7}, {4679, 7}, {4686, 7},
    {4693, 7}, {4700, 7}, {4707, 7}, {4714, 7},
    {4721, 7}, {4728, 7}, {4735, 7}, {4742, 7},
    {4749, 7}, {4756, 7}, {4763, 7}, {4770, 7},
    {4777, 7}, {4784, 7}, {4791, 7}, {4798, 7},
    {4805, 7}, {4812, 7}, {4819, 7}, {4826, 7},
    {4833, 7}, {4840, 7}, {4847, 7}, {4854, 7},
    {4861, 7}, {4868, 7}, {4875, 7}, {4882, 7},
    {4889, 7}, {4896, 7}, {4903, 7}, {4910, 7},
    {4917, 7}, {4924, 7}, {4931, 7}, {4938, 7},
    {4945, 7}, {4952, 8}, {4960, 5}, {4965, 13},
    {4978, 6}, {4984, 7}, {4991, 8}, {4999, 9},
    {5008, 6}, {5014, 11}, {5025, 7}, {5032, 11},
    {5043, 5}, {5048, 6}, {5054, 8}, {5062, 17},
    {5079, 18}, {5097, 10}, {5107, 10}, {5117, 12},
    {5129, 13}, {5142, 13}, {5155, 10}, {5165, 7},
    {5172, 12}, {5184, 6}, {5190, 13}, {5203, 11},
    {5214, 5}, {5219, 13}, {5232, 13}, {5245, 10},
    {5255, 12}, {5267, 10}, {5277, 16}, {5293, 17},
    {5310, 5}, {5315, 8}, {5323, 8}, {5331, 7},
    {5338, 6}, {5344, 9}, {5353, 6}, {5359, 7},
    {5366, 8}, {5374, 7}, {5381, 10}, {5391, 4},
    {5395, 10}, {5405, 9}, {5414, 13}, {5427, 9},
    {5436, 5}, {5441, 15}, {5456, 5}, {5461, 7},
    {5468, 10}, {5478, 9}, {5487, 16}, {5503, 11},
    {5514, 16}, {5530, 17}, {5547, 18}, {5565, 7},
    {5572, 12}, {5584, 5}, {5589, 10}, {5599, 9},
    {5608, 8}, {5616, 7}, {5623, 12}, {5635, 13},
    {5648, 10}, {5658, 7}, {5665, 5}, {5670, 8},
    {5678, 10}, {5688, 14}, {5702, 8}, {5710, 6},
    {5716, 8}, {5724, 8}, {5732, 8}, {5740, 8},
    {5748, 8}, {5756, 8}, {5764, 8}, {5772, 8},
    {5780, 8}, {5788, 8}, {5796, 8}, {5804, 8},
    {5812, 8}, {5820, 8}, {5828, 8}, {5836, 8},
    {5844, 8}, {5852, 8}, {5860, 8}, {5868, 8},
    {5876, 8}, {5884, 8}, {5892, 8}, {5900, 8},
    {5908, 8}, {5916, 8}, {5924, 8}, {5932, 8},
    {5940, 8}, {5948, 8}, {5956, 8}, {5964, 8},
    {5972, 8}, {5980, 8}, {5988, 8}, {5996, 8},
    {6004, 8}, {6012, 8}, {6020, 8}, {6028, 8},
    {6036, 8}, {6044, 8}, {6052, 8}, {6060, 8},
    {6068, 8}, {6076, 8}, {6084, 8}, {6092, 8},
    {6100, 8}, {6108, 8}, {6116, 8}, {6124, 8},
    {6132, 8}, {6140, 8}, {6148, 8}, {6156, 7},
    {6163, 9}, {6172, 10}, {6182, 10}, {6192, 7},
    {6199, 4}, {6203, 8}, {6211, 5}, {6216, 6},
    {6222, 10}, {6232, 4}, {6236, 5}, {6241, 7},
    {6248, 10}, {6258, 6}, {6264, 7}, {6271, 7},
    {6278, 7}, {6285, 5}, {6290, 11}, {6301, 8},
    {6309, 11}, {6320, 12}, {6332, 9}, {6341, 8},
    {6349, 15}, {6364, 16}, {6380, 10}, {6390, 6},
    {6396, 11}, {6407, 15}, {6422, 16}, {6438, 8},
    {6446, 8}, {6454, 4}, {6458, 8}, {6466, 11},
    {6477, 7}, {6484, 10}, {6494, 6}, {6500, 9},
    {6509, 7}, {6516, 4}, {6520, 7}, {6527, 5},
    {6532, 10}, {6542, 12}, {6554, 8}, {6562, 10},
    {6572, 8}, {6580, 6}, {6586, 6}, {6592, 9},
    {6601, 7}, {6608, 7}, {6615, 8}, {6623, 8},
    {6631, 11}, {6642, 9}, {6651, 11}, {6662, 9},
    {6671, 11}, {6682, 9}, {6691, 11}, {6702, 9},
    {6711, 13}, {6724, 15}, {6739, 13}, {6752, 16},
    {6768, 14}, {6782, 15}, {6797, 13}, {6810, 14},
    {6824, 16}, {6840, 14}, {6854, 19}, {6873, 17},
    {6890, 15}, {6905, 13}, {6918, 15}, {6933, 13},
    {6946, 16}, {6962, 14}, {6976, 15}, {6991, 13},
    {7004, 16}, {7020, 14}, {7034, 19}, {7053, 17},
    {7070, 15}, {7085, 13}, {7098, 14}, {7112, 11},
    {7123, 9}, {7132, 11}, {7143, 9}, {7152, 12},
    {7164, 10}, {7174, 11}, {7185, 9}, {7194, 7},
    {7201, 7}, {7208, 4}, {7212, 11}, {7223, 14},
    {7237, 15}, {7252, 19}, {7271, 17}, {7288, 15},
    {7303, 16}, {7319, 10}, {7329, 16}, {7345, 19},
    {7364, 17}, {7381, 24}, {7405, 19}, {7424, 21},
    {7445, 11}, {7456, 16}, {7472, 16}, {7488, 10},
    {7498, 5}, {7503, 5}, {7508, 6}, {7514, 10},
    {7524, 6}, {7530, 12}, {7542, 9}, {7551, 11},
    {7562, 12}, {7574, 9}, {7583, 9}, {7592, 8},
    {7600, 5}, {7605, 7}, {7612, 11}, {7623, 4},
    {7627, 9}, {7636, 11}, {7647, 10}, {7657, 5},
    {7662, 15}, {7677, 10}, {7687, 6}, {7693, 7},
    {7700, 7}, {7707, 15}, {7722, 11}, {7733, 14},
    {7747, 15}, {7762, 18}, {7780, 20}, {7800, 23},
    {7823, 14}, {7837, 12}, {7849, 15}, {7864, 11},
    {7875, 16}, {7891, 19}, {7910, 22}, {7932, 23},
    {7955, 13}, {7968, 17}, {7985, 15}, {8000, 16},
    {8016, 9}, {8025, 10}, {8035, 8}, {8043, 7},
    {8050, 6}, {8056, 9}, {8065, 10}, {8075, 8},
    {8083, 11}, {8094, 6}, {8100, 11}, {8111, 7},
    {8118, 11}, {8129, 13}, {8142, 13}, {8155, 7},
    {8162, 7}, {8169, 11}, {8180, 7}, {8187, 7},
    {8194, 12}, {8206, 9}, {8215, 8}, {8223, 15},
    {8238, 9}, {8247, 7}, {8254, 5}, {8259, 7},
    {8266, 8}, {8274, 8}, {8282, 4}, {8286, 4},
    {8290, 10}, {8300, 12}, {8312, 17}, {8329, 13},
    {8342, 8}, {8350, 8}, {8358, 7}, {8365, 9},
    {8374, 8}, {8382, 9}, {8391, 8}, {8399, 7},
    {8406, 9}, {8415, 5}, {8420, 9}, {8429, 5},
    {8434, 8}, {8442, 9}, {8451, 9}, {8460, 6},
    {8466, 6}, {8472, 4}, {8476, 5}, {8481, 12},
    {8493, 17}, {8510, 6}, {8516, 7}, {8523, 6},
    {8529, 5}, {8534, 11}, {8545, 9}, {8554, 8},
    {8562, 9}, {8571, 10}, {8581, 9}, {8590, 7},
    {8597, 7}, {8604, 11}, {8615, 7}, {8622, 14},
    {8636, 13}, {8649, 11}, {8660, 16}, {8676, 6},
    {8682, 8}, {8690, 13}, {8703, 13}, {8716, 9},
    {8725, 11}, {8736, 7}, {8743, 14}, {8757, 9},
    {8766, 11}, {8777, 15}, {8792, 17}, {8809, 16},
    {8825, 18}, {8843, 4}, {8847, 8}, {8855, 8},
    {8863, 9}, {8872, 4}, {8876, 8}, {8884, 6},
    {8890, 4}, {8894, 4}, {8898, 8}, {8906, 11},
    {8917, 7}, {8924, 10}, {8934, 6}, {8940, 9},
    {8949, 7}, {8956, 9}, {8965, 8}, {8973, 9},
    {8982, 12}, {8994, 13}, {9007, 7}, {9014, 12},
    {9026, 12}, {9038, 13}, {9051, 8}, {9059, 8},
    {9067, 11}, {9078, 10}, {9088, 9}, {9097, 8},
    {9105, 6}, {9111, 5}, {9116, 7}, {9123, 4},
    {9127, 8}, {9135, 11}, {9146, 24}, {9170, 9},
    {9179, 7}, {9186, 4}, {9190, 6}, {9196, 12},
    {9208, 13}, {9221, 8}, {9229, 13}, {9242, 10},
    {9252, 10}, {9262, 9}, {9271, 7}, {9278, 6},
    {9284, 8}, {9292, 5}, {9297, 13}, {9310, 7},
    {9317, 8}, {9325, 7}, {9332, 10}, {9342, 8},
    {9350, 5}, {9355, 5}, {9360, 12}, {9372, 15},
    {9387, 16}, {9403, 20}, {9423, 18}, {9441, 16},
    {9457, 17}, {9474, 19}, {9493, 11}, {9504, 18},
    {9522, 12}, {9534, 17}, {9551, 17}, {9568, 11},
    {9579, 13}, {9592, 9}, {9601, 11}, {9612, 15},
    {9627, 8}, {9635, 7}, {9642, 13}, {9655, 8},
    {9663, 9}, {9672, 9}, {9681, 10}, {9691, 7},
    {9698, 10}, {9708, 15}, {9723, 7}, {9730, 5},
    {9735, 7}, {9742, 15}, {9757, 7}, {9764, 8},
    {9772, 11}, {9783, 16}, {9799, 7}, {9806, 7},
    {9813, 6}, {9819, 10}, {9829, 12}, {9841, 10},
    {9851, 12}, {9863, 8}, {9871, 6}, {9877, 10},
    {9887, 8}, {9895, 10}, {9905, 11}, {9916, 11},
    {9927, 12}, {9939, 6}, {9945, 12}, {9957, 13},
    {9970, 8}, {9978, 13}, {9991, 10}, {10001, 10},
    {10011, 9}, {10020, 10}, {10030, 5}, {10035, 5},
    {10040, 8}, {10048, 10}, {10058, 11}, {10069, 11},
    {10080, 12}, {10092, 9}, {10101, 4}, {10105, 12},
    {10117, 5}, {10122, 8}, {10130, 11}, {10141, 7},
    {10148, 7}, {10155, 15}, {10170, 15}, {10185, 7},
    {10192, 4}, {10196, 5}, {10201, 11}, {10212, 10},
    {10222, 14}, {10236, 14}, {10250, 16}, {10266, 11},
    {10277, 15}, {10292, 17}, {10309, 18}, {10327, 19},
    {10346, 10}, {10356, 13}, {10369, 7}, {10376, 10},
    {10386, 4}, {10390, 5}, {10395, 7}, {10402, 7},
    {10409, 9}, {10418, 13}, {10431, 15}, {10446, 16},
    {10462, 10}, {10472, 13}, {10485, 9}, {10494, 12},
    {10506, 8}, {10514, 11}, {10525, 7}, {10532, 10},
    {10542, 5}, {10547, 7}, {10554, 5}, {10559, 10},
    {10569, 13}, {10582, 9}, {10591, 12}, {10603, 8},
    {10611, 11}, {10622, 9}, {10631, 12}, {10643, 8},
    {10651, 10}, {10661, 7}, {10668, 10}, {10678, 10},
    {10688, 12}, {10700, 12}, {10712, 10}, {10722, 14},
    {10736, 12}, {10748, 9}, {10757, 9}, {10766, 12},
    {10778, 12}, {10790, 9}, {10799, 11}, {10810, 10},
    {10820, 11}, {10831, 11}, {10842, 8}, {10850, 7},
    {10857, 8}, {10865, 10}, {10875, 10}, {10885, 13},
    {10898, 10}, {10908, 13}, {10921, 17}, {10938, 18},
    {10956, 7}, {10963, 7}, {10970, 5}, {10975, 8},
    {10983, 7}, {10990, 7}, {10997, 9}, {11006, 9},
    {11015, 13}, {11028, 9}, {11037, 9}, {11046, 14},
    {11060, 14}, {11074, 15}, {11089, 11}, {11100, 11},
    {11111, 7}, {11118, 4}, {11122, 4}, {11126, 4},
    {11130, 5}, {11135, 6}, {11141, 4},
};
static const unsigned char cork_to_utf8_entity_key_pool[11145] = {
    0x3C, 0x2D, 0x2D, 0x2D, 0x3E, 0x3C, 0x2D, 0x2D, 0x3E, 0x3C, 0x41, 0x41, 0x3E, 0x3C, 0x41, 0x45,
    0x3E, 0x3C, 0x41, 0x50, 0x4C, 0x62, 0x6F, 0x78, 0x3E, 0x3C, 0x41, 0x50, 0x4C, 0x64, 0x6F, 0x77,
    0x6E, 0x61, 0x72, 0x72, 0x6F, 0x77, 0x62, 0x6F, 0x78, 0x3E, 0x3C, 0x41, 0x50, 0x4C, 0x69, 0x6E,
    0x70, 0x75, 0x74, 0x3E, 0x3C, 0x41, 0x50, 0x4C, 0x6C, 0x65, 0x66, 0x74, 0x61, 0x72, 0x72, 0x6F,
    0x77, 0x62, 0x6F, 0x78, 0x3E, 0x3C, 0x41, 0x50, 0x4C, 0x72, 0x69, 0x67, 0x68, 0x74, 0x61, 0x72,
    0x72, 0x6F, 0x77, 0x62, 0x6F, 0x78, 0x3E, 0x3C, 0x41, 0x50, 0x4C, 0x75, 0x70, 0x61, 0x72, 0x72,
    0x6F, 0x77, 0x62, 0x6F, 0x78, 0x3E, 0x3C, 0x41, 0x6C, 0x70, 0x68, 0x61, 0x3E, 0x3C, 0x42, 0x62,
    0x62, 0x6B, 0x3E, 0x3C, 0x42, 0x65, 0x74, 0x61, 0x3E, 0x3C, 0x42, 0x6F, 0x77, 0x74, 0x69, 0x65,
    0x3E, 0x3C, 0x42, 0x6F, 0x78, 0x3E, 0x3C, 0x42, 0x75, 0x6D, 0x70, 0x65, 0x71, 0x3E, 0x3C, 0x43,
    0x49, 0x52, 0x43, 0x4C, 0x45, 0x3E, 0x3C, 0x43, 0x61, 0x70, 0x3E, 0x3C, 0x43, 0x68, 0x65, 0x63,
    0x6B, 0x65, 0x64, 0x42, 0x6F, 0x78, 0x3E, 0x3C, 0x43, 0x68, 0x69, 0x3E, 0x3C, 0x43, 0x69, 0x72,
    0x63, 0x6C, 0x65, 0x3E, 0x3C, 0x43, 0x75, 0x70, 0x3E, 0x3C, 0x44, 0x4F, 0x57, 0x4E, 0x61, 0x72,
    0x72, 0x6F, 0x77, 0x3E, 0x3C, 0x44, 0x65, 0x6C, 0x74, 0x61, 0x3E, 0x3C, 0x44, 0x6F, 0x77, 0x6E,
    0x61, 0x72, 0x72, 0x6F, 0x77, 0x3E, 0x3C, 0x45, 0x70, 0x73, 0x69, 0x6C, 0x6F, 0x6E, 0x3E, 0x3C,
    0x45, 0x74, 0x61, 0x3E, 0x3C, 0x47, 0x61, 0x6D, 0x6D, 0x61, 0x3E, 0x3C, 0x49, 0x6D, 0x3E, 0x3C,
    0x49, 0x6F, 0x74, 0x61, 0x3E, 0x3C, 0x4B, 0x61, 0x70, 0x70, 0x61, 0x3E, 0x3C, 0x4C, 0x45, 0x46,
    0x54, 0x43, 0x49, 0x52, 0x43, 0x4C, 0x45, 0x3E, 0x3C, 0x4C, 0x45, 0x46, 0x54, 0x61, 0x72, 0x72,
    0x6F, 0x77, 0x3E, 0x3C, 0x4C, 0x45, 0x46, 0x54, 0x63, 0x69, 0x72, 0x63, 0x6C, 0x65, 0x3E, 0x3C,
    0x4C, 0x61, 0x6D, 0x62, 0x64, 0x61, 0x3E, 0x3C, 0x4C, 0x65, 0x66, 0x74, 0x61, 0x72, 0x72, 0x6F,
    0x77, 0x3E, 0x3C, 0x4C, 0x65, 0x66, 0x74, 0x61, 0x72, 0x72, 0x6F, 0x77, 0x6C, 0x69, 0x6D, 0x3E,
    0x3C, 0x4C, 0x65, 0x66, 0x74, 0x72, 0x69, 0x67, 0x68, 0x74, 0x61, 0x72, 0x72, 0x6F, 0x77, 0x3E,
    0x3C, 0x4C, 0x65, 0x66, 0x74, 0x72, 0x69, 0x67, 0x68, 0x74, 0x61, 0x72, 0x72, 0x6F, 0x77, 0x6C,
    0x69, 0x6D, 0x3E, 0x3C, 0x4C, 0x6C, 0x65, 0x66, 0x74, 0x61, 0x72, 0x72, 0x6F, 0x77, 0x3E, 0x3C,
    0x4C, 0x6F, 0x6E, 0x67, 0x64, 0x6F, 0x77, 0x6E, 0x61, 0x72, 0x72, 0x6F, 0x77, 0x3E, 0x3C, 0x4C,
    0x6F, 0x6E, 0x67, 0x6C, 0x65, 0x66, 0x74, 0x61, 0x72, 0x72, 0x6F, 0x77, 0x3E, 0x3C, 0x4C, 0x6F,
    0x6E, 0x67, 0x6C, 0x65, 0x66, 0x74, 0x61, 0x72, 0x72, 0x6F, 0x77, 0x6C, 0x69, 0x6D, 0x3E, 0x3C,
    0x4C, 0x6F, 0x6E, 0x67, 0x6C, 0x65, 0x66, 0x74, 0x72, 0x69, 0x67, 0x68, 0x74, 0x61, 0x72, 0x72,
    0x6F, 0x77, 0x3E, 0x3C, 0x4C, 0x6F, 0x6E, 0x67, 0x6C, 0x65, 0x66, 0x74, 0x72, 0x69, 0x67, 0x68,
    0x74, 0x61, 0x72, 0x72, 0x6F, 0x77, 0x6C, 0x69, 0x6D, 0x3E, 0x3C, 0x4C, 0x6F, 0x6E, 0x67, 0x72,
    0x69, 0x67, 0x68, 0x74, 0x61, 0x72, 0x72, 0x6F, 0x77, 0x3E, 0x3C, 0x4C, 0x6F, 0x6E, 0x67, 0x72,
    0x69, 0x67, 0x68, 0x74, 0x61, 0x72, 0x72, 0x6F, 0x77, 0x6C, 0x69, 0x6D, 0x3E, 0x3C, 0x4C, 0x6F,
    0x6E, 0x67, 0x75, 0x70, 0x61, 0x72, 0x72, 0x6F, 0x77, 0x3E, 0x3C, 0x4C, 0x6F, 0x6E, 0x67, 0x75,
    0x70, 0x64, 0x6F, 0x77, 0x6E, 0x61, 0x72, 0x72, 0x6F, 0x77, 0x3E, 0x3C, 0x4C, 0x73, 0x68, 0x3E,
    0x3C, 0x4D, 0x68, 0x6F, 0x3E, 0x3C, 0x4D, 0x75, 0x3E, 0x3C, 0x4E, 0x75, 0x3E, 0x3C, 0x4F, 0x2F,
    0x3E, 0x3C, 0x4F, 0x45, 0x3E, 0x3C, 0x4F, 0x6D, 0x65, 0x67, 0x61, 0x3E, 0x3C, 0x4F, 0x6D, 0x69,
    0x63, 0x72, 0x6F, 0x6E, 0x3E, 0x3C, 0x50, 0x68, 0x69, 0x3E, 0x3C, 0x50, 0x69, 0x3E, 0x3C, 0x50,
    0x73, 0x69, 0x3E, 0x3C, 0x52, 0x49, 0x47, 0x48, 0x54, 0x43, 0x49, 0x52, 0x43, 0x4C, 0x45, 0x3E,
    0x3C, 0x52, 0x49, 0x47, 0x48, 0x54, 0x61, 0x72, 0x72, 0x6F, 0x77, 0x3E, 0x3C, 0x52, 0x49, 0x47,
    0x48, 0x54, 0x63, 0x69, 0x72, 0x63, 0x6C, 0x65, 0x3E, 0x3C, 0x52, 0x65, 0x3E, 0x3C, 0x52, 0x68,
    0x6F, 0x3E, 0x3C, 0x52, 0x69, 0x67, 0x68, 0x74, 0x61, 0x72, 0x72, 0x6F, 0x77, 0x3E, 0x3C, 0x52,
    0x69, 0x67, 0x68, 0x74, 0x61, 0x72, 0x72, 0x6F, 0x77, 0x6C, 0x69, 0x6D, 0x3E, 0x3C, 0x52, 0x72,
    0x69, 0x67, 0x68, 0x74, 0x61, 0x72, 0x72, 0x6F, 0x77, 0x3E, 0x3C, 0x52, 0x73, 0x68, 0x3E, 0x3C,
    0x53, 0x69, 0x67, 0x6D, 0x61, 0x3E, 0x3C, 0x53, 0x71, 0x75, 0x61, 0x72, 0x65, 0x3E, 0x3C, 0x53,
    0x75, 0x62, 0x73, 0x65, 0x74, 0x3E, 0x3C, 0x53, 0x75, 0x70, 0x73, 0x65, 0x74, 0x3E, 0x3C, 0x54,
    0x61, 0x75, 0x3E, 0x3C, 0x54, 0x68, 0x65, 0x74, 0x61, 0x3E, 0x3C, 0x54, 0x68, 0x6F, 0x72, 0x6E,
    0x3E, 0x3C, 0x55, 0x50, 0x61, 0x72, 0x72, 0x6F, 0x77, 0x3E, 0x3C, 0x55, 0x70, 0x61, 0x72, 0x72,
    0x6F, 0x77, 0x3E, 0x3C, 0x55, 0x70, 0x64, 0x6F, 0x77, 0x6E, 0x61, 0x72, 0x72, 0x6F, 0x77, 0x3E,
    0x3C, 0x55, 0x70, 0x73, 0x69, 0x6C, 0x6F, 0x6E, 0x3E, 0x3C, 0x56, 0x64, 0x61, 0x73, 0x68, 0x3E,
    0x3C, 0x56, 0x76, 0x64, 0x61, 0x73, 0x68, 0x3E, 0x3C, 0x58, 0x42, 0x6F, 0x78, 0x3E, 0x3C, 0x58,
    0x69, 0x3E, 0x3C, 0x5A, 0x65, 0x74, 0x61, 0x3E, 0x3C, 0x60, 0x60, 0x3E, 0x3C, 0x61, 0x61, 0x3E,
    0x3C, 0x61, 0x62, 0x6F, 0x76, 0x65, 0x72, 0x69, 0x6E, 0x67, 0x3E, 0x3C, 0x61, 0x63, 0x75, 0x74,
    0x65, 0x3E, 0x3C, 0x61, 0x65, 0x3E, 0x3C, 0x61, 0x67, 0x65, 0x6D, 0x4F, 0x3E, 0x3C, 0x61, 0x6C,
    0x65, 0x70, 0x68, 0x3E, 0x3C, 0x61, 0x6C, 0x70, 0x68, 0x61, 0x3E, 0x3C, 0x61, 0x6D, 0x61, 0x6C,
    0x67, 0x3E, 0x3C, 0x61, 0x6E, 0x67, 0x6C, 0x65, 0x3E, 0x3C, 0x61, 0x70, 0x70, 0x72, 0x6F, 0x78,
    0x3E, 0x3C, 0x61, 0x70, 0x70, 0x72, 0x6F, 0x78, 0x65, 0x71, 0x3E, 0x3C, 0x61, 0x71, 0x75, 0x61,
    0x72, 0x69, 0x75, 0x73, 0x3E, 0x3C, 0x61, 0x72, 0x69, 0x65, 0x73, 0x3E, 0x3C, 0x61, 0x73, 0x63,
    0x6E, 0x6F, 0x64, 0x65, 0x3E, 0x3C, 0x61, 0x73, 0x73, 0x69, 0x67, 0x6E, 0x3E, 0x3C, 0x61, 0x73,
    0x74, 0x3E, 0x3C, 0x61, 0x73, 0x74, 0x65, 0x72, 0x69, 0x73, 0x6B, 0x3E, 0x3C, 0x61, 0x73, 0x74,
    0x72, 0x6F, 0x73, 0x75, 0x6E, 0x3E, 0x3C, 0x61, 0x73, 0x79, 0x6D, 0x70, 0x3E, 0x3C, 0x62, 0x2D,
    0x30, 0x3E, 0x3C, 0x62, 0x2D, 0x31, 0x3E, 0x3C, 0x62, 0x2D, 0x32, 0x3E, 0x3C, 0x62, 0x2D, 0x33,
    0x3E, 0x3C, 0x62, 0x2D, 0x34, 0x3E, 0x3C, 0x62, 0x2D, 0x35, 0x3E, 0x3C, 0x62, 0x2D, 0x36, 0x3E,
    0x3C, 0x62, 0x2D, 0x37, 0x3E, 0x3C, 0x62, 0x2D, 0x38, 0x3E, 0x3C, 0x62, 0x2D, 0x39, 0x3E, 0x3C,
    0x62, 0x2D, 0x41, 0x3E, 0x3C, 0x62, 0x2D, 0x41, 0x6C, 0x70, 0x68, 0x61, 0x3E, 0x3C, 0x62, 0x2D,
    0x42, 0x3E, 0x3C, 0x62, 0x2D, 0x42, 0x65, 0x74, 0x61, 0x3E, 0x3C, 0x62, 0x2D, 0x43, 0x3E, 0x3C,
    0x62, 0x2D, 0x43, 0x68, 0x69, 0x3E, 0x3C, 0x62, 0x2D, 0x44, 0x3E, 0x3C, 0x62, 0x2D, 0x44, 0x65,
    0x6C, 0x74, 0x61, 0x3E, 0x3C, 0x62, 0x2D, 0x45, 0x3E, 0x3C, 0x62, 0x2D, 0x45, 0x70, 0x73, 0x69,
    0x6C, 0x6F, 0x6E, 0x3E, 0x3C, 0x62, 0x2D, 0x45, 0x74, 0x61, 0x3E, 0x3C, 0x62, 0x2D, 0x46, 0x3E,
    0x3C, 0x62, 0x2D, 0x47, 0x3E, 0x3C, 0x62, 0x2D, 0x47, 0x61, 0x6D, 0x6D, 0x61, 0x3E, 0x3C, 0x62,
    0x2D, 0x48, 0x3E, 0x3C, 0x62, 0x2D, 0x49, 0x3E, 0x3C, 0x62, 0x2D, 0x49, 0x6F, 0x74, 0x61, 0x3E,
    0x3C, 0x62, 0x2D, 0x4A, 0x3E, 0x3C, 0x62, 0x2D, 0x4B, 0x3E, 0x3C, 0x62, 0x2D, 0x4B, 0x61, 0x70,
    0x70, 0x61, 0x3E, 0x3C, 0x62, 0x2D, 0x4C, 0x3E, 0x3C, 0x62, 0x2D, 0x4C, 0x61, 0x6D, 0x62, 0x64,
    0x61, 0x3E, 0x3C, 0x62, 0x2D, 0x4D, 0x3E, 0x3C, 0x62, 0x2D, 0x4D, 0x68, 0x6F, 0x3E, 0x3C, 0x62,
    0x2D, 0x4D, 0x75, 0x3E, 0x3C, 0x62, 0x2D, 0x4E, 0x3E, 0x3C, 0x62, 0x2D, 0x4E, 0x75, 0x3E, 0x3C,
    0x62, 0x2D, 0x4F, 0x3E, 0x3C, 0x62, 0x2D, 0x4F, 0x6D, 0x65, 0x67, 0x61, 0x3E, 0x3C, 0x62, 0x2D,
    0x4F, 0x6D, 0x69, 0x63, 0x72, 0x6F, 0x6E, 0x3E, 0x3C, 0x62, 0x2D, 0x50, 0x3E, 0x3C, 0x62, 0x2D,
    0x50, 0x68, 0x69, 0x3E, 0x3C, 0x62, 0x2D, 0x50, 0x69, 0x3E, 0x3C, 0x62, 0x2D, 0x50, 0x73, 0x69,
    0x3E, 0x3C, 0x62, 0x2D, 0x51, 0x3E, 0x3C, 0x62, 0x2D, 0x52, 0x3E, 0x3C, 0x62, 0x2D, 0x52, 0x68,
    0x6F, 0x3E, 0x3C, 0x62, 0x2D, 0x53, 0x3E, 0x3C, 0x62, 0x2D, 0x53, 0x69, 0x67, 0x6D, 0x61, 0x3E,
    0x3C, 0x62, 0x2D, 0x54, 0x3E, 0x3C, 0x62, 0x2D, 0x54, 0x61, 0x75, 0x3E, 0x3C, 0x62, 0x2D, 0x54,
    0x68, 0x65, 0x74, 0x61, 0x3E, 0x3C, 0x62, 0x2D, 0x55, 0x3E, 0x3C, 0x62, 0x2D, 0x55, 0x70, 0x73,
    0x69, 0x6C, 0x6F, 0x6E, 0x3E, 0x3C, 0x62, 0x2D, 0x56, 0x3E, 0x3C, 0x62, 0x2D, 0x57, 0x3E, 0x3C,
    0x62, 0x2D, 0x58, 0x3E, 0x3C, 0x62, 0x2D, 0x58, 0x69, 0x3E, 0x3C, 0x62, 0x2D, 0x59, 0x3E, 0x3C,
    0x62, 0x2D, 0x5A, 0x3E, 0x3C, 0x62, 0x2D, 0x5A, 0x65, 0x74, 0x61, 0x3E, 0x3C, 0x62, 0x2D, 0x61,
    0x3E, 0x3C, 0x62, 0x2D, 0x61, 0x6C, 0x70, 0x68, 0x61, 0x3E, 0x3C, 0x62, 0x2D, 0x62, 0x3E, 0x3C,
    0x62, 0x2D, 0x62, 0x61, 0x63, 0x6B, 0x65, 0x70, 0x73, 0x69, 0x6C, 0x6F, 0x6E, 0x3E, 0x3C, 0x62,
    0x2D, 0x62, 0x65, 0x74, 0x61, 0x3E, 0x3C, 0x62, 0x2D, 0x63, 0x3E, 0x3C, 0x62, 0x2D, 0x63, 0x61,
    0x6C, 0x2D, 0x41, 0x3E, 0x3C, 0x62, 0x2D, 0x63, 0x61, 0x6C, 0x2D, 0x42, 0x3E, 0x3C, 0x62, 0x2D,
    0x63, 0x61, 0x6C, 0x2D, 0x43, 0x3E, 0x3C, 0x62, 0x2D, 0x63, 0x61, 0x6C, 0x2D, 0x44, 0x3E, 0x3C,
    0x62, 0x2D, 0x63, 0x61, 0x6C, 0x2D, 0x45, 0x3E, 0x3C, 0x62, 0x2D, 0x63, 0x61, 0x6C, 0x2D, 0x46,
    0x3E, 0x3C, 0x62, 0x2D, 0x63, 0x61, 0x6C, 0x2D, 0x47, 0x3E, 0x3C, 0x62, 0x2D, 0x63, 0x61, 0x6C,
    0x2D, 0x48, 0x3E, 0x3C, 0x62, 0x2D, 0x63, 0x61, 0x6C, 0x2D, 0x49, 0x3E, 0x3C, 0x62, 0x2D, 0x63,
    0x61, 0x6C, 0x2D, 0x4A, 0x3E, 0x3C, 0x62, 0x2D, 0x63, 0x61, 0x6C, 0x2D, 0x4B, 0x3E, 0x3C, 0x62,
    0x2D, 0x63, 0x61, 0x6C, 0x2D, 0x4C, 0x3E, 0x3C, 0x62, 0x2D, 0x63, 0x61, 0x6C, 0x2D, 0x4D, 0x3E,
    0x3C, 0x62, 0x2D, 0x63, 0x61, 0x6C, 0x2D, 0x4E, 0x3E, 0x3C, 0x62, 0x2D, 0x63, 0x61, 0x6C, 0x2D,
    0x4F, 0x3E, 0x3C, 0x62, 0x2D, 0x63, 0x61, 0x6C, 0x2D, 0x50, 0x3E, 0x3C, 0x62, 0x2D, 0x63, 0x61,
    0x6C, 0x2D, 0x51, 0x3E, 0x3C, 0x62, 0x2D, 0x63, 0x61, 0x6C, 0x2D, 0x52, 0x3E, 0x3C, 0x62, 0x2D,
    0x63, 0x61, 0x6C, 0x2D, 0x53, 0x3E, 0x3C, 0x62, 0x2D, 0x63, 0x61, 0x6C, 0x2D, 0x54, 0x3E, 0x3C,
    0x62, 0x2D, 0x63, 0x61, 0x6C, 0x2D, 0x55, 0x3E, 0x3C, 0x62, 0x2D, 0x63, 0x61, 0x6C, 0x2D, 0x56,
    0x3E, 0x3C, 0x62, 0x2D, 0x63, 0x61, 0x6C, 0x2D, 0x57, 0x3E, 0x3C, 0x62, 0x2D, 0x63, 0x61, 0x6C,
    0x2D, 0x58, 0x3E, 0x3C, 0x62, 0x2D, 0x63, 0x61, 0x6C, 0x2D, 0x59, 0x3E, 0x3C, 0x62, 0x2D, 0x63,
    0x61, 0x6C, 0x2D, 0x5A, 0x3E, 0x3C, 0x62, 0x2D, 0x63, 0x61, 0x6C, 0x2D, 0x61, 0x3E, 0x3C, 0x62,
    0x2D, 0x63, 0x61, 0x6C, 0x2D, 0x62, 0x3E, 0x3C, 0x62, 0x2D, 0x63, 0x61, 0x6C, 0x2D, 0x63, 0x3E,
    0x3C, 0x62, 0x2D, 0x63, 0x61, 0x6C, 0x2D, 0x64, 0x3E, 0x3C, 0x62, 0x2D, 0x63, 0x61, 0x6C, 0x2D,
    0x65, 0x3E, 0x3C, 0x62, 0x2D, 0x63, 0x61, 0x6C, 0x2D, 0x66, 0x3E, 0x3C, 0x62, 0x2D, 0x63, 0x61,
    0x6C, 0x2D, 0x67, 0x3E, 0x3C, 0x62, 0x2D, 0x63, 0x61, 0x6C, 0x2D, 0x68, 0x3E, 0x3C, 0x62, 0x2D,
    0x63, 0x61, 0x6C, 0x2D, 0x69, 0x3E, 0x3C, 0x62, 0x2D, 0x63, 0x61, 0x6C, 0x2D, 0x6A, 0x3E, 0x3C,
    0x62, 0x2D, 0x63, 0x61, 0x6C, 0x2D, 0x6B, 0x3E, 0x3C, 0x62, 0x2D, 0x63, 0x61, 0x6C, 0x2D, 0x6C,
    0x3E, 0x3C, 0x62, 0x2D, 0x63, 0x61, 0x6C, 0x2D, 0x6D, 0x3E, 0x3C, 0x62, 0x2D, 0x63, 0x61, 0x6C,
    0x2D, 0x6E, 0x3E, 0x3C, 0x62, 0x2D, 0x63, 0x61, 0x6C, 0x2D, 0x6F, 0x3E, 0x3C, 0x62, 0x2D, 0x63,
    0x61, 0x6C, 0x2D, 0x70, 0x3E, 0x3C, 0x62, 0x2D, 0x63, 0x61, 0x6C, 0x2D, 0x71, 0x3E, 0x3C, 0x62,
    0x2D, 0x63, 0x61, 0x6C, 0x2D, 0x72, 0x3E, 0x3C, 0x62, 0x2D, 0x63, 0x61, 0x6C, 0x2D, 0x73, 0x3E,
    0x3C, 0x62, 0x2D, 0x63, 0x61, 0x6C, 0x2D, 0x74, 0x3E, 0x3C, 0x62, 0x2D, 0x63, 0x61, 0x6C, 0x2D,
    0x75, 0x3E, 0x3C, 0x62, 0x2D, 0x63, 0x61, 0x6C, 0x2D, 0x76, 0x3E, 0x3C, 0x62, 0x2D, 0x63, 0x61,
    0x6C, 0x2D, 0x77, 0x3E, 0x3C, 0x62, 0x2D, 0x63, 0x61, 0x6C, 0x2D, 0x78, 0x3E, 0x3C, 0x62, 0x2D,
    0x63, 0x61, 0x6C, 0x2D, 0x79, 0x3E, 0x3C, 0x62, 0x2D, 0x63, 0x61, 0x6C, 0x2D, 0x7A, 0x3E, 0x3C,
    0x62, 0x2D, 0x63, 0x68, 0x69, 0x3E, 0x3C, 0x62, 0x2D, 0x64, 0x3E, 0x3C, 0x62, 0x2D, 0x64, 0x65,
    0x6C, 0x74, 0x61, 0x3E, 0x3C, 0x62, 0x2D, 0x65, 0x3E, 0x3C, 0x62, 0x2D, 0x65, 0x6C, 0x6C, 0x3E,
    0x3C, 0x62, 0x2D, 0x65, 0x70, 0x73, 0x69, 0x6C, 0x6F, 0x6E, 0x3E, 0x3C, 0x62, 0x2D, 0x65, 0x74,
    0x61, 0x3E, 0x3C, 0x62, 0x2D, 0x66, 0x3E, 0x3C, 0x62, 0x2D, 0x67, 0x3E, 0x3C, 0x62, 0x2D, 0x67,
    0x61, 0x6D, 0x6D, 0x61, 0x3E, 0x3C, 0x62, 0x2D, 0x68, 0x3E, 0x3C, 0x62, 0x2D, 0x69, 0x3E, 0x3C,
    0x62, 0x2D, 0x69, 0x6F, 0x74, 0x61, 0x3E, 0x3C, 0x62, 0x2D, 0x6A, 0x3E, 0x3C, 0x62, 0x2D, 0x6B,
    0x3E, 0x3C, 0x62, 0x2D, 0x6B, 0x61, 0x70, 0x70, 0x61, 0x3E, 0x3C, 0x62, 0x2D, 0x6C, 0x3E, 0x3C,
    0x62, 0x2D, 0x6C, 0x61, 0x6D, 0x62, 0x64, 0x61, 0x3E, 0x3C, 0x62, 0x2D, 0x6D, 0x3E, 0x3C, 0x62,
    0x2D, 0x6D, 0x75, 0x3E, 0x3C, 0x62, 0x2D, 0x6E, 0x3E, 0x3C, 0x62, 0x2D, 0x6E, 0x75, 0x3E, 0x3C,
    0x62, 0x2D, 0x6F, 0x3E, 0x3C, 0x62, 0x2D, 0x6F, 0x6D, 0x65, 0x67, 0x61, 0x3E, 0x3C, 0x62, 0x2D,
    0x6F, 0x6D, 0x69, 0x63, 0x72, 0x6F, 0x6E, 0x3E, 0x3C, 0x62, 0x2D, 0x70, 0x3E, 0x3C, 0x62, 0x2D,
    0x70, 0x68, 0x69, 0x3E, 0x3C, 0x62, 0x2D, 0x70, 0x69, 0x3E, 0x3C, 0x62, 0x2D, 0x70, 0x73, 0x69,
    0x3E, 0x3C, 0x62, 0x2D, 0x71, 0x3E, 0x3C, 0x62, 0x2D, 0x72, 0x3E, 0x3C, 0x62, 0x2D, 0x72, 0x68,
    0x6F, 0x3E, 0x3C, 0x62, 0x2D, 0x73, 0x3E, 0x3C, 0x62, 0x2D, 0x73, 0x69, 0x67, 0x6D, 0x61, 0x3E,
    0x3C, 0x62, 0x2D, 0x74, 0x3E, 0x3C, 0x62, 0x2D, 0x74, 0x61, 0x75, 0x3E, 0x3C, 0x62, 0x2D, 0x74,
    0x68, 0x65, 0x74, 0x61, 0x3E, 0x3C, 0x62, 0x2D, 0x75, 0x3E, 0x3C, 0x62, 0x2D, 0x75, 0x70, 0x2D,
    0x41, 0x3E, 0x3C, 0x62, 0x2D, 0x75, 0x70, 0x2D, 0x42, 0x3E, 0x3C, 0x62, 0x2D, 0x75, 0x70, 0x2D,
    0x43, 0x3E, 0x3C, 0x62, 0x2D, 0x75, 0x70, 0x2D, 0x44, 0x3E, 0x3C, 0x62, 0x2D, 0x75, 0x70, 0x2D,
    0x45, 0x3E, 0x3C, 0x62, 0x2D, 0x75, 0x70, 0x2D, 0x46, 0x3E, 0x3C, 0x62, 0x2D, 0x75, 0x70, 0x2D,
    0x47, 0x3E, 0x3C, 0x62, 0x2D, 0x75, 0x70, 0x2D, 0x48, 0x3E, 0x3C, 0x62, 0x2D, 0x75, 0x70, 0x2D,
    0x49, 0x3E, 0x3C, 0x62, 0x2D, 0x75, 0x70, 0x2D, 0x4A, 0x3E, 0x3C, 0x62, 0x2D, 0x75, 0x70, 0x2D,
    0x4B, 0x3E, 0x3C, 0x62, 0x2D, 0x75, 0x70, 0x2D, 0x4C, 0x3E, 0x3C, 0x62, 0x2D, 0x75, 0x70, 0x2D,
    0x4D, 0x3E, 0x3C, 0x62, 0x2D, 0x75, 0x70, 0x2D, 0x4E, 0x3E, 0x3C, 0x62, 0x2D, 0x75, 0x70, 0x2D,
    0x4F, 0x3E, 0x3C, 0x62, 0x2D, 0x75, 0x70, 0x2D, 0x50, 0x3E, 0x3C, 0x62, 0x2D, 0x75, 0x70, 0x2D,
    0x51, 0x3E, 0x3C, 0x62, 0x2D, 0x75, 0x70, 0x2D, 0x52, 0x3E, 0x3C, 0x62, 0x2D, 0x75, 0x70, 0x2D,
    0x53, 0x3E, 0x3C, 0x62, 0x2D, 0x75, 0x70, 0x2D, 0x54, 0x3E, 0x3C, 0x62, 0x2D, 0x75, 0x70, 0x2D,
    0x55, 0x3E, 0x3C, 0x62, 0x2D, 0x75, 0x70, 0x2D, 0x56, 0x3E, 0x3C, 0x62, 0x2D, 0x75, 0x70, 0x2D,
    0x57, 0x3E, 0x3C, 0x62, 0x2D, 0x75, 0x70, 0x2D, 0x58, 0x3E, 0x3C, 0x62, 0x2D, 0x75, 0x70, 0x2D,
    0x59, 0x3E, 0x3C, 0x62, 0x2D, 0x75, 0x70, 0x2D, 0x5A, 0x3E, 0x3C, 0x62, 0x2D, 0x75, 0x70, 0x2D,
    0x61, 0x3E, 0x3C, 0x62, 0x2D, 0x75, 0x70, 0x2D, 0x61, 0x6C, 0x70, 0x68, 0x61, 0x3E, 0x3C, 0x62,
    0x2D, 0x75, 0x70, 0x2D, 0x62, 0x3E, 0x3C, 0x62, 0x2D, 0x75, 0x70, 0x2D, 0x62, 0x65, 0x74, 0x61,
    0x3E, 0x3C, 0x62, 0x2D, 0x75, 0x70, 0x2D, 0x63, 0x3E, 0x3C, 0x62, 0x2D, 0x75, 0x70, 0x2D, 0x63,
    0x68, 0x69, 0x3E, 0x3C, 0x62, 0x2D, 0x75, 0x70, 0x2D, 0x64, 0x3E, 0x3C, 0x62, 0x2D, 0x75, 0x70,
    0x2D, 0x64, 0x65, 0x6C, 0x74, 0x61, 0x3E, 0x3C, 0x62, 0x2D, 0x75, 0x70, 0x2D, 0x65, 0x3E, 0x3C,
    0x62, 0x2D, 0x75, 0x70, 0x2D, 0x65, 0x70, 0x73, 0x69, 0x6C, 0x6F, 0x6E, 0x3E, 0x3C, 0x62, 0x2D,
    0x75, 0x70, 0x2D, 0x65, 0x74, 0x61, 0x3E, 0x3C, 0x62, 0x2D, 0x75, 0x70, 0x2D, 0x66, 0x3E, 0x3C,
    0x62, 0x2D, 0x75, 0x70, 0x2D, 0x67, 0x3E, 0x3C, 0x62, 0x2D, 0x75, 0x70, 0x2D, 0x67, 0x61, 0x6D,
    0x6D, 0x61, 0x3E, 0x3C, 0x62, 0x2D, 0x75, 0x70, 0x2D, 0x68, 0x3E, 0x3C, 0x62, 0x2D, 0x75, 0x70,
    0x2D, 0x69, 0x3E, 0x3C, 0x62, 0x2D, 0x75, 0x70, 0x2D, 0x69, 0x6F, 0x74, 0x61, 0x3E, 0x3C, 0x62,
    0x2D, 0x75, 0x70, 0x2D, 0x6A, 0x3E, 0x3C, 0x62, 0x2D, 0x75, 0x70, 0x2D, 0x6B, 0x3E, 0x3C, 0x62,
    0x2D, 0x75, 0x70, 0x2D, 0x6B, 0x61, 0x70, 0x70, 0x61, 0x3E, 0x3C, 0x62, 0x2D, 0x75, 0x70, 0x2D,
    0x6C, 0x3E, 0x3C, 0x62, 0x2D, 0x75, 0x70, 0x2D, 0x6C, 0x61, 0x6D, 0x62, 0x64, 0x61, 0x3E, 0x3C,
    0x62, 0x2D, 0x75, 0x70, 0x2D, 0x6D, 0x3E, 0x3C, 0x62, 0x2D, 0x75, 0x70, 0x2D, 0x6D, 0x75, 0x3E,
    0x3C, 0x62, 0x2D, 0x75, 0x70, 0x2D, 0x6E, 0x3E, 0x3C, 0x62, 0x2D, 0x75, 0x70, 0x2D, 0x6E, 0x75,
    0x3E, 0x3C, 0x62, 0x2D, 0x75, 0x70, 0x2D, 0x6F, 0x3E, 0x3C, 0x62, 0x2D, 0x75, 0x70, 0x2D, 0x6F,
    0x6D, 0x65, 0x67, 0x61, 0x3E, 0x3C, 0x62, 0x2D, 0x75, 0x70, 0x2D, 0x6F, 0x6D, 0x69, 0x63, 0x72,
    0x6F, 0x6E, 0x3E, 0x3C, 0x62, 0x2D, 0x75, 0x70, 0x2D, 0x70, 0x3E, 0x3C, 0x62, 0x2D, 0x75, 0x70,
    0x2D, 0x70, 0x68, 0x69, 0x3E, 0x3C, 0x62, 0x2D, 0x75, 0x70, 0x2D, 0x70, 0x69, 0x3E, 0x3C, 0x62,
    0x2D, 0x75, 0x70, 0x2D, 0x70, 0x73, 0x69, 0x3E, 0x3C, 0x62, 0x2D, 0x75, 0x70, 0x2D, 0x71, 0x3E,
    0x3C, 0x62, 0x2D, 0x75, 0x70, 0x2D, 0x72, 0x3E, 0x3C, 0x62, 0x2D, 0x75, 0x70, 0x2D, 0x72, 0x68,
    0x6F, 0x3E, 0x3C, 0x62, 0x2D, 0x75, 0x70, 0x2D, 0x73, 0x3E, 0x3C, 0x62, 0x2D, 0x75, 0x70, 0x2D,
    0x73, 0x69, 0x67, 0x6D, 0x61, 0x3E, 0x3C, 0x62, 0x2D, 0x75, 0x70, 0x2D, 0x74, 0x3E, 0x3C, 0x62,
    0x2D, 0x75, 0x70, 0x2D, 0x74, 0x61, 0x75, 0x3E, 0x3C, 0x62, 0x2D, 0x75, 0x70, 0x2D, 0x74, 0x68,
    0x65, 0x74, 0x61, 0x3E, 0x3C, 0x62, 0x2D, 0x75, 0x70, 0x2D, 0x75, 0x3E, 0x3C, 0x62, 0x2D, 0x75,
    0x70, 0x2D, 0x75, 0x70, 0x73, 0x69, 0x6C, 0x6F, 0x6E, 0x3E, 0x3C, 0x62, 0x2D, 0x75, 0x70, 0x2D,
    0x76, 0x3E, 0x3C, 0x62, 0x2D, 0x75, 0x70, 0x2D, 0x76, 0x61, 0x72, 0x65, 0x70, 0x73, 0x69, 0x6C,
    0x6F, 0x6E, 0x3E, 0x3C, 0x62, 0x2D, 0x75, 0x70, 0x2D, 0x76, 0x61, 0x72, 0x6B, 0x61, 0x70, 0x70,
    0x61, 0x3E, 0x3C, 0x62, 0x2D, 0x75, 0x70, 0x2D, 0x76, 0x61, 0x72, 0x70, 0x68, 0x69, 0x3E, 0x3C,
    0x62, 0x2D, 0x75, 0x70, 0x2D, 0x76, 0x61, 0x72, 0x70, 0x69, 0x3E, 0x3C, 0x62, 0x2D, 0x75, 0x70,
    0x2D, 0x76, 0x61, 0x72, 0x72, 0x68, 0x6F, 0x3E, 0x3C, 0x62, 0x2D, 0x75, 0x70, 0x2D, 0x76, 0x61,
    0x72, 0x73, 0x69, 0x67, 0x6D, 0x61, 0x3E, 0x3C, 0x62, 0x2D, 0x75, 0x70, 0x2D, 0x76, 0x61, 0x72,
    0x74, 0x68, 0x65, 0x74, 0x61, 0x3E, 0x3C, 0x62, 0x2D, 0x75, 0x70, 0x2D, 0x77, 0x3E, 0x3C, 0x62,
    0x2D, 0x75, 0x70, 0x2D, 0x78, 0x3E, 0x3C, 0x62, 0x2D, 0x75, 0x70, 0x2D, 0x78, 0x69, 0x3E, 0x3C,
    0x62, 0x2D, 0x75, 0x70, 0x2D, 0x79, 0x3E, 0x3C, 0x62, 0x2D, 0x75, 0x70, 0x2D, 0x7A, 0x3E, 0x3C,
    0x62, 0x2D, 0x75, 0x70, 0x2D, 0x7A, 0x65, 0x74, 0x61, 0x3E, 0x3C, 0x62, 0x2D, 0x75, 0x70, 0x73,
    0x69, 0x6C, 0x6F, 0x6E, 0x3E, 0x3C, 0x62, 0x2D, 0x76, 0x3E, 0x3C, 0x62, 0x2D, 0x76, 0x61, 0x72,
    0x65, 0x70, 0x73, 0x69, 0x6C, 0x6F, 0x6E, 0x3E, 0x3C, 0x62, 0x2D, 0x76, 0x61, 0x72, 0x6B, 0x61,
    0x70, 0x70, 0x61, 0x3E, 0x3C, 0x62, 0x2D, 0x76, 0x61, 0x72, 0x70, 0x68, 0x69, 0x3E, 0x3C, 0x62,
    0x2D, 0x76, 0x61, 0x72, 0x70, 0x69, 0x3E, 0x3C, 0x62, 0x2D, 0x76, 0x61, 0x72, 0x72, 0x68, 0x6F,
    0x3E, 0x3C, 0x62, 0x2D, 0x76, 0x61, 0x72, 0x73, 0x69, 0x67, 0x6D, 0x61, 0x3E, 0x3C, 0x62, 0x2D,
    0x76, 0x61, 0x72, 0x74, 0x68, 0x65, 0x74, 0x61, 0x3E, 0x3C, 0x62, 0x2D, 0x77, 0x3E, 0x3C, 0x62,
    0x2D, 0x78, 0x3E, 0x3C, 0x62, 0x2D, 0x78, 0x69, 0x3E, 0x3C, 0x62, 0x2D, 0x79, 0x3E, 0x3C, 0x62,
    0x2D, 0x7A, 0x3E, 0x3C, 0x62, 0x2D, 0x7A, 0x65, 0x74, 0x61, 0x3E, 0x3C, 0x62, 0x61, 0x63, 0x6B,
    0x65, 0x70, 0x73, 0x69, 0x6C, 0x6F, 0x6E, 0x3E, 0x3C, 0x62, 0x61, 0x63, 0x6B, 0x70, 0x72, 0x69,
    0x6D, 0x65, 0x3E, 0x3C, 0x62, 0x61, 0x63, 0x6B, 0x73, 0x69, 0x6D, 0x3E, 0x3C, 0x62, 0x61, 0x63,
    0x6B, 0x73, 0x69, 0x6D, 0x65, 0x71, 0x3E, 0x3C, 0x62, 0x61, 0x63, 0x6B, 0x73, 0x6C, 0x61, 0x73,
    0x68, 0x3E, 0x3C, 0x62, 0x61, 0x72, 0x3E, 0x3C, 0x62, 0x61, 0x72, 0x77, 0x65, 0x64, 0x67, 0x65,
    0x3E, 0x3C, 0x62, 0x62, 0x62, 0x2D, 0x41, 0x3E, 0x3C, 0x62, 0x62, 0x62, 0x2D, 0x42, 0x3E, 0x3C,
    0x62, 0x62, 0x62, 0x2D, 0x43, 0x3E, 0x3C, 0x62, 0x62, 0x62, 0x2D, 0x44, 0x3E, 0x3C, 0x62, 0x62,
    0x62, 0x2D, 0x45, 0x3E, 0x3C, 0x62, 0x62, 0x62, 0x2D, 0x46, 0x3E, 0x3C, 0x62, 0x62, 0x62, 0x2D,
    0x47, 0x3E, 0x3C, 0x62, 0x62, 0x62, 0x2D, 0x48, 0x3E, 0x3C, 0x62, 0x62, 0x62, 0x2D, 0x49, 0x3E,
    0x3C, 0x62, 0x62, 0x62, 0x2D, 0x4A, 0x3E, 0x3C, 0x62, 0x62, 0x62, 0x2D, 0x4B, 0x3E, 0x3C, 0x62,
    0x62, 0x62, 0x2D, 0x4C, 0x3E, 0x3C, 0x62, 0x62, 0x62, 0x2D, 0x4D, 0x3E, 0x3C, 0x62, 0x62, 0x62,
    0x2D, 0x4E, 0x3E, 0x3C, 0x62, 0x62, 0x62, 0x2D, 0x4F, 0x3E, 0x3C, 0x62, 0x62, 0x62, 0x2D, 0x50,
    0x3E, 0x3C, 0x62, 0x62, 0x62, 0x2D, 0x51, 0x3E, 0x3C, 0x62, 0x62, 0x62, 0x2D, 0x52, 0x3E, 0x3C,
    0x62, 0x62, 0x62, 0x2D, 0x53, 0x3E, 0x3C, 0x62, 0x62, 0x62, 0x2D, 0x54, 0x3E, 0x3C, 0x62, 0x62,
    0x62, 0x2D, 0x55, 0x3E, 0x3C, 0x62, 0x62, 0x62, 0x2D, 0x56, 0x3E, 0x3C, 0x62, 0x62, 0x62, 0x2D,
    0x57, 0x3E, 0x3C, 0x62, 0x62, 0x62, 0x2D, 0x58, 0x3E, 0x3C, 0x62, 0x62, 0x62, 0x2D, 0x59, 0x3E,
    0x3C, 0x62, 0x62, 0x62, 0x2D, 0x5A, 0x3E, 0x3C, 0x62, 0x62, 0x62, 0x2D, 0x61, 0x3E, 0x3C, 0x62,
    0x62, 0x62, 0x2D, 0x62, 0x3E, 0x3C, 0x62, 0x62, 0x62, 0x2D, 0x63, 0x3E, 0x3C, 0x62, 0x62, 0x62,
    0x2D, 0x64, 0x3E, 0x3C, 0x62, 0x62, 0x62, 0x2D, 0x65, 0x3E, 0x3C, 0x62, 0x62, 0x62, 0x2D, 0x66,
    0x3E, 0x3C, 0x62, 0x62, 0x62, 0x2D, 0x67, 0x3E, 0x3C, 0x62, 0x62, 0x62, 0x2D, 0x68, 0x3E, 0x3C,
    0x62, 0x62, 0x62, 0x2D, 0x69, 0x3E, 0x3C, 0x62, 0x62, 0x62, 0x2D, 0x6A, 0x3E, 0x3C, 0x62, 0x62,
    0x62, 0x2D, 0x6B, 0x3E, 0x3C, 0x62, 0x62, 0x62, 0x2D, 0x6C, 0x3E, 0x3C, 0x62, 0x62, 0x62, 0x2D,
    0x6D, 0x3E, 0x3C, 0x62, 0x62, 0x62, 0x2D, 0x6E, 0x3E, 0x3C, 0x62, 0x62, 0x62, 0x2D, 0x6F, 0x3E,
    0x3C, 0x62, 0x62, 0x62, 0x2D, 0x70, 0x3E, 0x3C, 0x62, 0x62, 0x62, 0x2D, 0x71, 0x3E, 0x3C, 0x62,
    0x62, 0x62, 0x2D, 0x72, 0x3E, 0x3C, 0x62, 0x62, 0x62, 0x2D, 0x73, 0x3E, 0x3C, 0x62, 0x62, 0x62,
    0x2D, 0x74, 0x3E, 0x3C, 0x62, 0x62, 0x62, 0x2D, 0x75, 0x3E, 0x3C, 0x62, 0x62, 0x62, 0x2D, 0x76,
    0x3E, 0x3C, 0x62, 0x62, 0x62, 0x2D, 0x77, 0x3E, 0x3C, 0x62, 0x62, 0x62, 0x2D, 0x78, 0x3E, 0x3C,
    0x62, 0x62, 0x62, 0x2D, 0x79, 0x3E, 0x3C, 0x62, 0x62, 0x62, 0x2D, 0x7A, 0x3E, 0x3C, 0x62, 0x65,
    0x63, 0x61, 0x75, 0x73, 0x65, 0x3E, 0x3C, 0x62, 0x65, 0x74, 0x61, 0x3E, 0x3C, 0x62, 0x65, 0x74,
    0x68, 0x3E, 0x3C, 0x62, 0x65, 0x74, 0x77, 0x65, 0x65, 0x6E, 0x3E, 0x3C, 0x62, 0x69, 0x67, 0x2D,
    0x61, 0x6D, 0x61, 0x6C, 0x67, 0x2D, 0x31, 0x3E, 0x3C, 0x62, 0x69, 0x67, 0x2D, 0x61, 0x6D, 0x61,
    0x6C, 0x67, 0x3E, 0x3C, 0x62, 0x69, 0x67, 0x2D, 0x62, 0x6F, 0x78, 0x2D, 0x31, 0x3E, 0x3C, 0x62,
    0x69, 0x67, 0x2D, 0x62, 0x6F, 0x78, 0x3E, 0x3C, 0x62, 0x69, 0x67, 0x2D, 0x63, 0x61, 0x70, 0x2D,
    0x31, 0x3E, 0x3C, 0x62, 0x69, 0x67, 0x2D, 0x63, 0x61, 0x70, 0x3E, 0x3C, 0x62, 0x69, 0x67, 0x2D,
    0x63, 0x75, 0x70, 0x2D, 0x31, 0x3E, 0x3C, 0x62, 0x69, 0x67, 0x2D, 0x63, 0x75, 0x70, 0x3E, 0x3C,
    0x62, 0x69, 0x67, 0x2D, 0x69, 0x69, 0x69, 0x69, 0x6E, 0x74, 0x2D, 0x31, 0x3E, 0x3C, 0x62, 0x69,
    0x67, 0x2D, 0x69, 0x69, 0x69, 0x69, 0x6E, 0x74, 0x6C, 0x69, 0x6D, 0x2D, 0x31, 0x3E, 0x3C, 0x62,
    0x69, 0x67, 0x2D, 0x69, 0x69, 0x69, 0x6E, 0x74, 0x2D, 0x31, 0x3E, 0x3C, 0x62, 0x69, 0x67, 0x2D,
    0x69, 0x69, 0x69, 0x6E, 0x74, 0x3E, 0x3C, 0x62, 0x69, 0x67, 0x2D, 0x69, 0x69, 0x69, 0x6E, 0x74,
    0x6C, 0x69, 0x6D, 0x2D, 0x31, 0x3E, 0x3C, 0x62, 0x69, 0x67, 0x2D, 0x69, 0x69, 0x6E, 0x74, 0x2D,
    0x31, 0x3E, 0x3C, 0x62, 0x69, 0x67, 0x2D, 0x69, 0x69, 0x6E, 0x74, 0x3E, 0x3C, 0x62, 0x69, 0x67,
    0x2D, 0x69, 0x69, 0x6E, 0x74, 0x6C, 0x69, 0x6D, 0x2D, 0x31, 0x3E, 0x3C, 0x62, 0x69, 0x67, 0x2D,
    0x69, 0x6E, 0x74, 0x2D, 0x31, 0x3E, 0x3C, 0x62, 0x69, 0x67, 0x2D, 0x69, 0x6E, 0x74, 0x3E, 0x3C,
    0x62, 0x69, 0x67, 0x2D, 0x69, 0x6E, 0x74, 0x6C, 0x69, 0x6D, 0x2D, 0x31, 0x3E, 0x3C, 0x62, 0x69,
    0x67, 0x2D, 0x6F, 0x64, 0x6F, 0x74, 0x2D, 0x31, 0x3E, 0x3C, 0x62, 0x69, 0x67, 0x2D, 0x6F, 0x64,
    0x6F, 0x74, 0x3E, 0x3C, 0x62, 0x69, 0x67, 0x2D, 0x6F, 0x69, 0x69, 0x69, 0x6E, 0x74, 0x2D, 0x31,
    0x3E, 0x3C, 0x62, 0x69, 0x67, 0x2D, 0x6F, 0x69, 0x69, 0x69, 0x6E, 0x74, 0x3E, 0x3C, 0x62, 0x69,
    0x67, 0x2D, 0x6F, 0x69, 0x69, 0x69, 0x6E, 0x74, 0x6C, 0x69, 0x6D, 0x2D, 0x31, 0x3E, 0x3C, 0x62,
    0x69, 0x67, 0x2D, 0x6F, 0x69, 0x69, 0x6E, 0x74, 0x2D, 0x31, 0x3E, 0x3C, 0x62, 0x69, 0x67, 0x2D,
    0x6F, 0x69, 0x69, 0x6E, 0x74, 0x3E, 0x3C, 0x62, 0x69, 0x67, 0x2D, 0x6F, 0x69, 0x69, 0x6E, 0x74,
    0x6C, 0x69, 0x6D, 0x2D, 0x31, 0x3E, 0x3C, 0x62, 0x69, 0x67, 0x2D, 0x6F, 0x69, 0x6E, 0x74, 0x2D,
    0x31, 0x3E, 0x3C, 0x62, 0x69, 0x67, 0x2D, 0x6F, 0x69, 0x6E, 0x74, 0x3E, 0x3C, 0x62, 0x69, 0x67,
    0x2D, 0x6F, 0x69, 0x6E, 0x74, 0x6C, 0x69, 0x6D, 0x2D, 0x31, 0x3E, 0x3C, 0x62, 0x69, 0x67, 0x2D,
    0x6F, 0x70, 0x6C, 0x75, 0x73, 0x2D, 0x31, 0x3E, 0x3C, 0x62, 0x69, 0x67, 0x2D, 0x6F, 0x70, 0x6C,
    0x75, 0x73, 0x3E, 0x3C, 0x62, 0x69, 0x67, 0x2D, 0x6F, 0x74, 0x69, 0x6D, 0x65, 0x73, 0x2D, 0x31,
    0x3E, 0x3C, 0x62, 0x69, 0x67, 0x2D, 0x6F, 0x74, 0x69, 0x6D, 0x65, 0x73, 0x3E, 0x3C, 0x62, 0x69,
    0x67, 0x2D, 0x70, 0x6C, 0x75, 0x73, 0x63, 0x75, 0x70, 0x2D, 0x31, 0x3E, 0x3C, 0x62, 0x69, 0x67,
    0x2D, 0x70, 0x6C, 0x75, 0x73, 0x63, 0x75, 0x70, 0x3E, 0x3C, 0x62, 0x69, 0x67, 0x2D, 0x70, 0x72,
    0x6F, 0x64, 0x2D, 0x31, 0x3E, 0x3C, 0x62, 0x69, 0x67, 0x2D, 0x70, 0x72, 0x6F, 0x64, 0x3E, 0x3C,
    0x62, 0x69, 0x67, 0x2D, 0x73, 0x71, 0x63, 0x61, 0x70, 0x2D, 0x31, 0x3E, 0x3C, 0x62, 0x69, 0x67,
    0x2D, 0x73, 0x71, 0x63, 0x61, 0x70, 0x3E, 0x3C, 0x62, 0x69, 0x67, 0x2D, 0x73, 0x71, 0x63, 0x75,
    0x70, 0x2D, 0x31, 0x3E, 0x3C, 0x62, 0x69, 0x67, 0x2D, 0x73, 0x71, 0x63, 0x75, 0x70, 0x3E, 0x3C,
    0x62, 0x69, 0x67, 0x2D, 0x73, 0x71, 0x75, 0x61, 0x72, 0x65, 0x2D, 0x31, 0x3E, 0x3C, 0x62, 0x69,
    0x67, 0x2D, 0x73, 0x71, 0x75, 0x61, 0x72, 0x65, 0x3E, 0x3C, 0x62, 0x69, 0x67, 0x2D, 0x73, 0x75,
    0x6D, 0x2D, 0x31, 0x3E, 0x3C, 0x62, 0x69, 0x67, 0x2D, 0x73, 0x75, 0x6D, 0x3E, 0x3C, 0x62, 0x69,
    0x67, 0x2D, 0x75, 0x70, 0x69, 0x69, 0x69, 0x69, 0x6E, 0x74, 0x2D, 0x31, 0x3E, 0x3C, 0x62, 0x69,
    0x67, 0x2D, 0x75, 0x70, 0x69, 0x69, 0x69, 0x6E, 0x74, 0x2D, 0x31, 0x3E, 0x3C, 0x62, 0x69, 0x67,
    0x2D, 0x75, 0x70, 0x69, 0x69, 0x69, 0x6E, 0x74, 0x6C, 0x69, 0x6D, 0x2D, 0x31, 0x3E, 0x3C, 0x62,
    0x69, 0x67, 0x2D, 0x75, 0x70, 0x69, 0x69, 0x6E, 0x74, 0x2D, 0x31, 0x3E, 0x3C, 0x62, 0x69, 0x67,
    0x2D, 0x75, 0x70, 0x69, 0x69, 0x6E, 0x74, 0x6C, 0x69, 0x6D, 0x2D, 0x31, 0x3E, 0x3C, 0x62, 0x69,
    0x67, 0x2D, 0x75, 0x70, 0x69, 0x6E, 0x74, 0x2D, 0x31, 0x3E, 0x3C, 0x62, 0x69, 0x67, 0x2D, 0x75,
    0x70, 0x69, 0x6E, 0x74, 0x6C, 0x69, 0x6D, 0x2D, 0x31, 0x3E, 0x3C, 0x62, 0x69, 0x67, 0x2D, 0x75,
    0x70, 0x6F, 0x69, 0x69, 0x69, 0x6E, 0x74, 0x2D, 0x31, 0x3E, 0x3C, 0x62, 0x69, 0x67, 0x2D, 0x75,
    0x70, 0x6F, 0x69, 0x69, 0x69, 0x6E, 0x74, 0x6C, 0x69, 0x6D, 0x2D, 0x31, 0x3E, 0x3C, 0x62, 0x69,
    0x67, 0x2D, 0x75, 0x70, 0x6F, 0x69, 0x69, 0x6E, 0x74, 0x2D, 0x31, 0x3E, 0x3C, 0x62, 0x69, 0x67,
    0x2D, 0x75, 0x70, 0x6F, 0x69, 0x69, 0x6E, 0x74, 0x6C, 0x69, 0x6D, 0x2D, 0x31, 0x3E, 0x3C, 0x62,
    0x69, 0x67, 0x2D, 0x75, 0x70, 0x6F, 0x69, 0x6E, 0x74, 0x2D, 0x31, 0x3E, 0x3C, 0x62, 0x69, 0x67,
    0x2D, 0x75, 0x70, 0x6F, 0x69, 0x6E, 0x74, 0x6C, 0x69, 0x6D, 0x2D, 0x31, 0x3E, 0x3C, 0x62, 0x69,
    0x67, 0x2D, 0x76, 0x65, 0x65, 0x2D, 0x31, 0x3E, 0x3C, 0x62, 0x69, 0x67, 0x2D, 0x76, 0x65, 0x65,
    0x3E, 0x3C, 0x62, 0x69, 0x67, 0x2D, 0x77, 0x65, 0x64, 0x67, 0x65, 0x2D, 0x31, 0x3E, 0x3C, 0x62,
    0x69, 0x67, 0x2D, 0x77, 0x65, 0x64, 0x67, 0x65, 0x3E, 0x3C, 0x62, 0x69, 0x67, 0x63, 0x69, 0x72,
    0x63, 0x3E, 0x3C, 0x62, 0x69, 0x67, 0x73, 0x74, 0x61, 0x72, 0x3E, 0x3C, 0x62, 0x69, 0x67, 0x74,
    0x72, 0x69, 0x61, 0x6E, 0x67, 0x6C, 0x65, 0x64, 0x6F, 0x77, 0x6E, 0x3E, 0x3C, 0x62, 0x69, 0x67,
    0x74, 0x72, 0x69, 0x61, 0x6E, 0x67, 0x6C, 0x65, 0x75, 0x70, 0x3E, 0x3C, 0x62, 0x69, 0x6E, 0x61,
    0x6D, 0x70, 0x65, 0x72, 0x73, 0x61, 0x6E, 0x64, 0x3E, 0x3C, 0x62, 0x6C, 0x61, 0x63, 0x6B, 0x6C,
    0x6F, 0x7A, 0x65, 0x6E, 0x67, 0x65, 0x3E, 0x3C, 0x62, 0x6C, 0x61, 0x63, 0x6B, 0x73, 0x6D, 0x69,
    0x6C, 0x65, 0x79, 0x3E, 0x3C, 0x62, 0x6C, 0x61, 0x63, 0x6B, 0x73, 0x71, 0x75, 0x61, 0x72, 0x65,
    0x3E, 0x3C, 0x62, 0x6C, 0x61, 0x63, 0x6B, 0x74, 0x72, 0x69, 0x61, 0x6E, 0x67, 0x6C, 0x65, 0x3E,
    0x3C, 0x62, 0x6C, 0x61, 0x63, 0x6B, 0x74, 0x72, 0x69, 0x61, 0x6E, 0x67, 0x6C, 0x65, 0x64, 0x6F,
    0x77, 0x6E, 0x3E, 0x3C, 0x62, 0x6C, 0x61, 0x63, 0x6B, 0x74, 0x72, 0x69, 0x61, 0x6E, 0x67, 0x6C,
    0x65, 0x6C, 0x65, 0x66, 0x74, 0x3E, 0x3C, 0x62, 0x6C, 0x61, 0x63, 0x6B, 0x74, 0x72, 0x69, 0x61,
    0x6E, 0x67, 0x6C, 0x65, 0x72, 0x69, 0x67, 0x68, 0x74, 0x3E, 0x3C, 0x62, 0x6F, 0x74, 0x3E, 0x3C,
    0x62, 0x6F, 0x78, 0x3E, 0x3C, 0x62, 0x6F, 0x78, 0x61, 0x73, 0x74, 0x3E, 0x3C, 0x62, 0x6F, 0x78,
    0x62, 0x6F, 0x78, 0x3E, 0x3C, 0x62, 0x6F, 0x78, 0x62, 0x73, 0x6C, 0x61, 0x73, 0x68, 0x3E, 0x3C,
    0x62, 0x6F, 0x78, 0x63, 0x69, 0x72, 0x63, 0x6C, 0x65, 0x3E, 0x3C, 0x62, 0x6F, 0x78, 0x64, 0x6F,
    0x74, 0x3E, 0x3C, 0x62, 0x6F, 0x78, 0x6D, 0x69, 0x6E, 0x75, 0x73, 0x3E, 0x3C, 0x62, 0x6F, 0x78,
    0x70, 0x6C, 0x75, 0x73, 0x3E, 0x3C, 0x62, 0x6F, 0x78, 0x73, 0x6C, 0x61, 0x73, 0x68, 0x3E, 0x3C,
    0x62, 0x6F, 0x78, 0x74, 0x69, 0x6D, 0x65, 0x73, 0x3E, 0x3C, 0x62, 0x72, 0x65, 0x76, 0x65, 0x3E,
    0x3C, 0x62, 0x72, 0x6F, 0x6B, 0x65, 0x6E, 0x76, 0x65, 0x72, 0x74, 0x3E, 0x3C, 0x62, 0x75, 0x6C,
    0x6C, 0x65, 0x74, 0x3E, 0x3C, 0x62, 0x75, 0x6D, 0x70, 0x65, 0x71, 0x3E, 0x3C, 0x63, 0x61, 0x6C,
    0x2D, 0x41, 0x3E, 0x3C, 0x63, 0x61, 0x6C, 0x2D, 0x42, 0x3E, 0x3C, 0x63, 0x61, 0x6C, 0x2D, 0x43,
    0x3E, 0x3C, 0x63, 0x61, 0x6C, 0x2D, 0x44, 0x3E, 0x3C, 0x63, 0x61, 0x6C, 0x2D, 0x45, 0x3E, 0x3C,
    0x63, 0x61, 0x6C, 0x2D, 0x46, 0x3E, 0x3C, 0x63, 0x61, 0x6C, 0x2D, 0x47, 0x3E, 0x3C, 0x63, 0x61,
    0x6C, 0x2D, 0x48, 0x3E, 0x3C, 0x63, 0x61, 0x6C, 0x2D, 0x49, 0x3E, 0x3C, 0x63, 0x61, 0x6C, 0x2D,
    0x4A, 0x3E, 0x3C, 0x63, 0x61, 0x6C, 0x2D, 0x4B, 0x3E, 0x3C, 0x63, 0x61, 0x6C, 0x2D, 0x4C, 0x3E,
    0x3C, 0x63, 0x61, 0x6C, 0x2D, 0x4D, 0x3E, 0x3C, 0x63, 0x61, 0x6C, 0x2D, 0x4E, 0x3E, 0x3C, 0x63,
    0x61, 0x6C, 0x2D, 0x4F, 0x3E, 0x3C, 0x63, 0x61, 0x6C, 0x2D, 0x50, 0x3E, 0x3C, 0x63, 0x61, 0x6C,
    0x2D, 0x51, 0x3E, 0x3C, 0x63, 0x61, 0x6C, 0x2D, 0x52, 0x3E, 0x3C, 0x63, 0x61, 0x6C, 0x2D, 0x53,
    0x3E, 0x3C, 0x63, 0x61, 0x6C, 0x2D, 0x54, 0x3E, 0x3C, 0x63, 0x61, 0x6C, 0x2D, 0x55, 0x3E, 0x3C,
    0x63, 0x61, 0x6C, 0x2D, 0x56, 0x3E, 0x3C, 0x63, 0x61, 0x6C, 0x2D, 0x57, 0x3E, 0x3C, 0x63, 0x61,
    0x6C, 0x2D, 0x58, 0x3E, 0x3C, 0x63, 0x61, 0x6C, 0x2D, 0x59, 0x3E, 0x3C, 0x63, 0x61, 0x6C, 0x2D,
    0x5A, 0x3E, 0x3C, 0x63, 0x61, 0x6C, 0x2D, 0x61, 0x3E, 0x3C, 0x63, 0x61, 0x6C, 0x2D, 0x62, 0x3E,
    0x3C, 0x63, 0x61, 0x6C, 0x2D, 0x63, 0x3E, 0x3C, 0x63, 0x61, 0x6C, 0x2D, 0x64, 0x3E, 0x3C, 0x63,
    0x61, 0x6C, 0x2D, 0x65, 0x3E, 0x3C, 0x63, 0x61, 0x6C, 0x2D, 0x66, 0x3E, 0x3C, 0x63, 0x61, 0x6C,
    0x2D, 0x67, 0x3E, 0x3C, 0x63, 0x61, 0x6C, 0x2D, 0x68, 0x3E, 0x3C, 0x63, 0x61, 0x6C, 0x2D, 0x69,
    0x3E, 0x3C, 0x63, 0x61, 0x6C, 0x2D, 0x6A, 0x3E, 0x3C, 0x63, 0x61, 0x6C, 0x2D, 0x6B, 0x3E, 0x3C,
    0x63, 0x61, 0x6C, 0x2D, 0x6C, 0x3E, 0x3C, 0x63, 0x61, 0x6C, 0x2D, 0x6D, 0x3E, 0x3C, 0x63, 0x61,
    0x6C, 0x2D, 0x6E, 0x3E, 0x3C, 0x63, 0x61, 0x6C, 0x2D, 0x6F, 0x3E, 0x3C, 0x63, 0x61, 0x6C, 0x2D,
    0x70, 0x3E, 0x3C, 0x63, 0x61, 0x6C, 0x2D, 0x71, 0x3E, 0x3C, 0x63, 0x61, 0x6C, 0x2D, 0x72, 0x3E,
    0x3C, 0x63, 0x61, 0x6C, 0x2D, 0x73, 0x3E, 0x3C, 0x63, 0x61, 0x6C, 0x2D, 0x74, 0x3E, 0x3C, 0x63,
    0x61, 0x6C, 0x2D, 0x75, 0x3E, 0x3C, 0x63, 0x61, 0x6C, 0x2D, 0x76, 0x3E, 0x3C, 0x63, 0x61, 0x6C,
    0x2D, 0x77, 0x3E, 0x3C, 0x63, 0x61, 0x6C, 0x2D, 0x78, 0x3E, 0x3C, 0x63, 0x61, 0x6C, 0x2D, 0x79,
    0x3E, 0x3C, 0x63, 0x61, 0x6C, 0x2D, 0x7A, 0x3E, 0x3C, 0x63, 0x61, 0x6E, 0x63, 0x65, 0x72, 0x3E,
    0x3C, 0x63, 0x61, 0x70, 0x3E, 0x3C, 0x63, 0x61, 0x70, 0x72, 0x69, 0x63, 0x6F, 0x72, 0x6E, 0x75,
    0x73, 0x3E, 0x3C, 0x63, 0x64, 0x6F, 0x74, 0x3E, 0x3C, 0x63, 0x64, 0x6F, 0x74, 0x73, 0x3E, 0x3C,
    0x63, 0x64, 0x75, 0x6D, 0x6D, 0x79, 0x3E, 0x3C, 0x63, 0x65, 0x64, 0x69, 0x6C, 0x6C, 0x65, 0x3E,
    0x3C, 0x63, 0x65, 0x6E, 0x74, 0x3E, 0x3C, 0x63, 0x65, 0x6E, 0x74, 0x65, 0x72, 0x64, 0x6F, 0x74,
    0x3E, 0x3C, 0x63, 0x68, 0x65, 0x63, 0x6B, 0x3E, 0x3C, 0x63, 0x68, 0x65, 0x63, 0x6B, 0x6D, 0x61,
    0x72, 0x6B, 0x3E, 0x3C, 0x63, 0x68, 0x69, 0x3E, 0x3C, 0x63, 0x69, 0x72, 0x63, 0x3E, 0x3C, 0x63,
    0x69, 0x72, 0x63, 0x65, 0x71, 0x3E, 0x3C, 0x63, 0x69, 0x72, 0x63, 0x6C, 0x65, 0x61, 0x72, 0x72,
    0x6F, 0x77, 0x6C, 0x65, 0x66, 0x74, 0x3E, 0x3C, 0x63, 0x69, 0x72, 0x63, 0x6C, 0x65, 0x61, 0x72,
    0x72, 0x6F, 0x77, 0x72, 0x69, 0x67, 0x68, 0x74, 0x3E, 0x3C, 0x63, 0x69, 0x72, 0x63, 0x6C, 0x65,
    0x64, 0x52, 0x3E, 0x3C, 0x63, 0x69, 0x72, 0x63, 0x6C, 0x65, 0x64, 0x53, 0x3E, 0x3C, 0x63, 0x69,
    0x72, 0x63, 0x6C, 0x65, 0x64, 0x61, 0x73, 0x74, 0x3E, 0x3C, 0x63, 0x69, 0x72, 0x63, 0x6C, 0x65,
    0x64, 0x63, 0x69, 0x72, 0x63, 0x3E, 0x3C, 0x63, 0x69, 0x72, 0x63, 0x6C, 0x65, 0x64, 0x64, 0x61,
    0x73, 0x68, 0x3E, 0x3C, 0x63, 0x6C, 0x75, 0x62, 0x73, 0x75, 0x69, 0x74, 0x3E, 0x3C, 0x63, 0x6F,
    0x6D, 0x6D, 0x61, 0x3E, 0x3C, 0x63, 0x6F, 0x6D, 0x70, 0x6C, 0x65, 0x6D, 0x65, 0x6E, 0x74, 0x3E,
    0x3C, 0x63, 0x6F, 0x6E, 0x67, 0x3E, 0x3C, 0x63, 0x6F, 0x6E, 0x6A, 0x75, 0x6E, 0x63, 0x74, 0x69,
    0x6F, 0x6E, 0x3E, 0x3C, 0x63, 0x6F, 0x70, 0x79, 0x72, 0x69, 0x67, 0x68, 0x74, 0x3E, 0x3C, 0x63,
    0x75, 0x70, 0x3E, 0x3C, 0x63, 0x75, 0x72, 0x6C, 0x79, 0x65, 0x71, 0x70, 0x72, 0x65, 0x63, 0x3E,
    0x3C, 0x63, 0x75, 0x72, 0x6C, 0x79, 0x65, 0x71, 0x73, 0x75, 0x63, 0x63, 0x3E, 0x3C, 0x63, 0x75,
    0x72, 0x6C, 0x79, 0x76, 0x65, 0x65, 0x3E, 0x3C, 0x63, 0x75, 0x72, 0x6C, 0x79, 0x77, 0x65, 0x64,
    0x67, 0x65, 0x3E, 0x3C, 0x63, 0x75, 0x72, 0x72, 0x65, 0x6E, 0x63, 0x79, 0x3E, 0x3C, 0x63, 0x75,
    0x72, 0x76, 0x65, 0x61, 0x72, 0x72, 0x6F, 0x77, 0x6C, 0x65, 0x66, 0x74, 0x3E, 0x3C, 0x63, 0x75,
    0x72, 0x76, 0x65, 0x61, 0x72, 0x72, 0x6F, 0x77, 0x72, 0x69, 0x67, 0x68, 0x74, 0x3E, 0x3C, 0x64,
    0x61, 0x67, 0x3E, 0x3C, 0x64, 0x61, 0x67, 0x67, 0x65, 0x72, 0x3E, 0x3C, 0x64, 0x61, 0x6C, 0x65,
    0x74, 0x68, 0x3E, 0x3C, 0x64, 0x61, 0x73, 0x68, 0x76, 0x3E, 0x3C, 0x64, 0x64, 0x61, 0x67, 0x3E,
    0x3C, 0x64, 0x64, 0x61, 0x67, 0x67, 0x65, 0x72, 0x3E, 0x3C, 0x64, 0x64, 0x6F, 0x74, 0x3E, 0x3C,
    0x64, 0x64, 0x6F, 0x74, 0x73, 0x3E, 0x3C, 0x64, 0x65, 0x67, 0x72, 0x65, 0x65, 0x3E, 0x3C, 0x64,
    0x65, 0x6C, 0x74, 0x61, 0x3E, 0x3C, 0x64, 0x65, 0x73, 0x63, 0x6E, 0x6F, 0x64, 0x65, 0x3E, 0x3C,
    0x64, 0x68, 0x3E, 0x3C, 0x64, 0x69, 0x61, 0x6D, 0x65, 0x74, 0x65, 0x72, 0x3E, 0x3C, 0x64, 0x69,
    0x61, 0x6D, 0x6F, 0x6E, 0x64, 0x3E, 0x3C, 0x64, 0x69, 0x61, 0x6D, 0x6F, 0x6E, 0x64, 0x73, 0x75,
    0x69, 0x74, 0x3E, 0x3C, 0x64, 0x69, 0x67, 0x61, 0x6D, 0x6D, 0x61, 0x3E, 0x3C, 0x64, 0x69, 0x76,
    0x3E, 0x3C, 0x64, 0x69, 0x76, 0x69, 0x64, 0x65, 0x6F, 0x6E, 0x74, 0x69, 0x6D, 0x65, 0x73, 0x3E,
    0x3C, 0x64, 0x6F, 0x74, 0x3E, 0x3C, 0x64, 0x6F, 0x74, 0x65, 0x71, 0x3E, 0x3C, 0x64, 0x6F, 0x74,
    0x65, 0x71, 0x64, 0x6F, 0x74, 0x3E, 0x3C, 0x64, 0x6F, 0x74, 0x70, 0x6C, 0x75, 0x73, 0x3E, 0x3C,
    0x64, 0x6F, 0x75, 0x62, 0x6C, 0x65, 0x62, 0x61, 0x72, 0x77, 0x65, 0x64, 0x67, 0x65, 0x3E, 0x3C,
    0x64, 0x6F, 0x77, 0x6E, 0x61, 0x72, 0x72, 0x6F, 0x77, 0x3E, 0x3C, 0x64, 0x6F, 0x77, 0x6E, 0x64,
    0x6F, 0x77, 0x6E, 0x61, 0x72, 0x72, 0x6F, 0x77, 0x73, 0x3E, 0x3C, 0x64, 0x6F, 0x77, 0x6E, 0x68,
    0x61, 0x72, 0x70, 0x6F, 0x6F, 0x6E, 0x6C, 0x65, 0x66, 0x74, 0x3E, 0x3C, 0x64, 0x6F, 0x77, 0x6E,
    0x68, 0x61, 0x72, 0x70, 0x6F, 0x6F, 0x6E, 0x72, 0x69, 0x67, 0x68, 0x74, 0x3E, 0x3C, 0x65, 0x61,
    0x72, 0x74, 0x68, 0x3E, 0x3C, 0x65, 0x69, 0x67, 0x68, 0x74, 0x68, 0x6E, 0x6F, 0x74, 0x65, 0x3E,
    0x3C, 0x65, 0x6C, 0x6C, 0x3E, 0x3C, 0x65, 0x6D, 0x70, 0x74, 0x79, 0x73, 0x65, 0x74, 0x3E, 0x3C,
    0x65, 0x70, 0x73, 0x69, 0x6C, 0x6F, 0x6E, 0x3E, 0x3C, 0x65, 0x71, 0x63, 0x69, 0x72, 0x63, 0x3E,
    0x3C, 0x65, 0x71, 0x73, 0x69, 0x6D, 0x3E, 0x3C, 0x65, 0x71, 0x73, 0x6C, 0x61, 0x6E, 0x74, 0x67,
    0x74, 0x72, 0x3E, 0x3C, 0x65, 0x71, 0x73, 0x6C, 0x61, 0x6E, 0x74, 0x6C, 0x65, 0x73, 0x73, 0x3E,
    0x3C, 0x65, 0x71, 0x75, 0x61, 0x6C, 0x6C, 0x69, 0x6D, 0x3E, 0x3C, 0x65, 0x71, 0x75, 0x69, 0x76,
    0x3E, 0x3C, 0x65, 0x74, 0x61, 0x3E, 0x3C, 0x65, 0x78, 0x69, 0x73, 0x74, 0x73, 0x3E, 0x3C, 0x65,
    0x78, 0x74, 0x65, 0x72, 0x69, 0x6F, 0x72, 0x3E, 0x3C, 0x66, 0x61, 0x6C, 0x6C, 0x69, 0x6E, 0x67,
    0x64, 0x6F, 0x74, 0x65, 0x71, 0x3E, 0x3C, 0x66, 0x65, 0x6D, 0x61, 0x6C, 0x65, 0x3E, 0x3C, 0x66,
    0x6C, 0x61, 0x74, 0x3E, 0x3C, 0x66, 0x6C, 0x69, 0x70, 0x2D, 0x21, 0x3E, 0x3C, 0x66, 0x6C, 0x69,
    0x70, 0x2D, 0x3F, 0x3E, 0x3C, 0x66, 0x6F, 0x72, 0x61, 0x6C, 0x6C, 0x3E, 0x3C, 0x66, 0x72, 0x61,
    0x6B, 0x2D, 0x41, 0x3E, 0x3C, 0x66, 0x72, 0x61, 0x6B, 0x2D, 0x42, 0x3E, 0x3C, 0x66, 0x72, 0x61,
    0x6B, 0x2D, 0x43, 0x3E, 0x3C, 0x66, 0x72, 0x61, 0x6B, 0x2D, 0x44, 0x3E, 0x3C, 0x66, 0x72, 0x61,
    0x6B, 0x2D, 0x45, 0x3E, 0x3C, 0x66, 0x72, 0x61, 0x6B, 0x2D, 0x46, 0x3E, 0x3C, 0x66, 0x72, 0x61,
    0x6B, 0x2D, 0x47, 0x3E, 0x3C, 0x66, 0x72, 0x61, 0x6B, 0x2D, 0x48, 0x3E, 0x3C, 0x66, 0x72, 0x61,
    0x6B, 0x2D, 0x49, 0x3E, 0x3C, 0x66, 0x72, 0x61, 0x6B, 0x2D, 0x4A, 0x3E, 0x3C, 0x66, 0x72, 0x61,
    0x6B, 0x2D, 0x4B, 0x3E, 0x3C, 0x66, 0x72, 0x61, 0x6B, 0x2D, 0x4C, 0x3E, 0x3C, 0x66, 0x72, 0x61,
    0x6B, 0x2D, 0x4D, 0x3E, 0x3C, 0x66, 0x72, 0x61, 0x6B, 0x2D, 0x4E, 0x3E, 0x3C, 0x66, 0x72, 0x61,
    0x6B, 0x2D, 0x4F, 0x3E, 0x3C, 0x66, 0x72, 0x61, 0x6B, 0x2D, 0x50, 0x3E, 0x3C, 0x66, 0x72, 0x61,
    0x6B, 0x2D, 0x51, 0x3E, 0x3C, 0x66, 0x72, 0x61, 0x6B, 0x2D, 0x52, 0x3E, 0x3C, 0x66, 0x72, 0x61,
    0x6B, 0x2D, 0x53, 0x3E, 0x3C, 0x66, 0x72, 0x61, 0x6B, 0x2D, 0x54, 0x3E, 0x3C, 0x66, 0x72, 0x61,
    0x6B, 0x2D, 0x55, 0x3E, 0x3C, 0x66, 0x72, 0x61, 0x6B, 0x2D, 0x56, 0x3E, 0x3C, 0x66, 0x72, 0x61,
    0x6B, 0x2D, 0x57, 0x3E, 0x3C, 0x66, 0x72, 0x61, 0x6B, 0x2D, 0x58, 0x3E, 0x3C, 0x66, 0x72, 0x61,
    0x6B, 0x2D, 0x59, 0x3E, 0x3C, 0x66, 0x72, 0x61, 0x6B, 0x2D, 0x5A, 0x3E, 0x3C, 0x66, 0x72, 0x61,
    0x6B, 0x2D, 0x61, 0x3E, 0x3C, 0x66, 0x72, 0x61, 0x6B, 0x2D, 0x62, 0x3E, 0x3C, 0x66, 0x72, 0x61,
    0x6B, 0x2D, 0x63, 0x3E, 0x3C, 0x66, 0x72, 0x61, 0x6B, 0x2D, 0x64, 0x3E, 0x3C, 0x66, 0x72, 0x61,
    0x6B, 0x2D, 0x65, 0x3E, 0x3C, 0x66, 0x72, 0x61, 0x6B, 0x2D, 0x66, 0x3E, 0x3C, 0x66, 0x72, 0x61,
    0x6B, 0x2D, 0x67, 0x3E, 0x3C, 0x66, 0x72, 0x61, 0x6B, 0x2D, 0x68, 0x3E, 0x3C, 0x66, 0x72, 0x61,
    0x6B, 0x2D, 0x69, 0x3E, 0x3C, 0x66, 0x72, 0x61, 0x6B, 0x2D, 0x6A, 0x3E, 0x3C, 0x66, 0x72, 0x61,
    0x6B, 0x2D, 0x6B, 0x3E, 0x3C, 0x66, 0x72, 0x61, 0x6B, 0x2D, 0x6C, 0x3E, 0x3C, 0x66, 0x72, 0x61,
    0x6B, 0x2D, 0x6D, 0x3E, 0x3C, 0x66, 0x72, 0x61, 0x6B, 0x2D, 0x6E, 0x3E, 0x3C, 0x66, 0x72, 0x61,
    0x6B, 0x2D, 0x6F, 0x3E, 0x3C, 0x66, 0x72, 0x61, 0x6B, 0x2D, 0x70, 0x3E, 0x3C, 0x66, 0x72, 0x61,
    0x6B, 0x2D, 0x71, 0x3E, 0x3C, 0x66, 0x72, 0x61, 0x6B, 0x2D, 0x72, 0x3E, 0x3C, 0x66, 0x72, 0x61,
    0x6B, 0x2D, 0x73, 0x3E, 0x3C, 0x66, 0x72, 0x61, 0x6B, 0x2D, 0x74, 0x3E, 0x3C, 0x66, 0x72, 0x61,
    0x6B, 0x2D, 0x75, 0x3E, 0x3C, 0x66, 0x72, 0x61, 0x6B, 0x2D, 0x76, 0x3E, 0x3C, 0x66, 0x72, 0x61,
    0x6B, 0x2D, 0x77, 0x3E, 0x3C, 0x66, 0x72, 0x61, 0x6B, 0x2D, 0x78, 0x3E, 0x3C, 0x66, 0x72, 0x61,
    0x6B, 0x2D, 0x79, 0x3E, 0x3C, 0x66, 0x72, 0x61, 0x6B, 0x2D, 0x7A, 0x3E, 0x3C, 0x66, 0x72, 0x6F,
    0x77, 0x6E, 0x3E, 0x3C, 0x66, 0x72, 0x6F, 0x77, 0x6E, 0x69, 0x65, 0x3E, 0x3C, 0x66, 0x75, 0x6C,
    0x6C, 0x6D, 0x6F, 0x6F, 0x6E, 0x3E, 0x3C, 0x66, 0x75, 0x6C, 0x6C, 0x6E, 0x6F, 0x74, 0x65, 0x3E,
    0x3C, 0x67, 0x61, 0x6D, 0x6D, 0x61, 0x3E, 0x3C, 0x67, 0x65, 0x3E, 0x3C, 0x67, 0x65, 0x6D, 0x69,
    0x6E, 0x69, 0x3E, 0x3C, 0x67, 0x65, 0x71, 0x3E, 0x3C, 0x67, 0x65, 0x71, 0x71, 0x3E, 0x3C, 0x67,
    0x65, 0x71, 0x73, 0x6C, 0x61, 0x6E, 0x74, 0x3E, 0x3C, 0x67, 0x67, 0x3E, 0x3C, 0x67, 0x67, 0x67,
    0x3E, 0x3C, 0x67, 0x69, 0x6D, 0x65, 0x6C, 0x3E, 0x3C, 0x67, 0x6E, 0x61, 0x70, 0x70, 0x72, 0x6F,
    0x78, 0x3E, 0x3C, 0x67, 0x6E, 0x65, 0x71, 0x3E, 0x3C, 0x67, 0x6E, 0x65, 0x71, 0x71, 0x3E, 0x3C,
    0x67, 0x6E, 0x73, 0x69, 0x6D, 0x3E, 0x3C, 0x67, 0x72, 0x61, 0x76, 0x65, 0x3E, 0x3C, 0x67, 0x74,
    0x72, 0x3E, 0x3C, 0x67, 0x74, 0x72, 0x61, 0x70, 0x70, 0x72, 0x6F, 0x78, 0x3E, 0x3C, 0x67, 0x74,
    0x72, 0x64, 0x6F, 0x74, 0x3E, 0x3C, 0x67, 0x74, 0x72, 0x65, 0x71, 0x6C, 0x65, 0x73, 0x73, 0x3E,
    0x3C, 0x67, 0x74, 0x72, 0x65, 0x71, 0x71, 0x6C, 0x65, 0x73, 0x73, 0x3E, 0x3C, 0x67, 0x74, 0x72,
    0x6C, 0x65, 0x73, 0x73, 0x3E, 0x3C, 0x67, 0x74, 0x72, 0x73, 0x69, 0x6D, 0x3E, 0x3C, 0x67, 0x75,
    0x69, 0x6C, 0x6C, 0x65, 0x6D, 0x6F, 0x74, 0x6C, 0x65, 0x66, 0x74, 0x3E, 0x3C, 0x67, 0x75, 0x69,
    0x6C, 0x6C, 0x65, 0x6D, 0x6F, 0x74, 0x72, 0x69, 0x67, 0x68, 0x74, 0x3E, 0x3C, 0x68, 0x61, 0x6C,
    0x66, 0x6E, 0x6F, 0x74, 0x65, 0x3E, 0x3C, 0x68, 0x62, 0x61, 0x72, 0x3E, 0x3C, 0x68, 0x65, 0x61,
    0x72, 0x74, 0x73, 0x75, 0x69, 0x74, 0x3E, 0x3C, 0x68, 0x6F, 0x6F, 0x6B, 0x6C, 0x65, 0x66, 0x74,
    0x61, 0x72, 0x72, 0x6F, 0x77, 0x3E, 0x3C, 0x68, 0x6F, 0x6F, 0x6B, 0x72, 0x69, 0x67, 0x68, 0x74,
    0x61, 0x72, 0x72, 0x6F, 0x77, 0x3E, 0x3C, 0x68, 0x73, 0x6C, 0x61, 0x73, 0x68, 0x3E, 0x3C, 0x68,
    0x79, 0x70, 0x68, 0x65, 0x6E, 0x3E, 0x3C, 0x69, 0x2A, 0x3E, 0x3C, 0x69, 0x69, 0x69, 0x69, 0x6E,
    0x74, 0x3E, 0x3C, 0x69, 0x69, 0x69, 0x69, 0x6E, 0x74, 0x6C, 0x69, 0x6D, 0x3E, 0x3C, 0x69, 0x69,
    0x69, 0x6E, 0x74, 0x3E, 0x3C, 0x69, 0x69, 0x69, 0x6E, 0x74, 0x6C, 0x69, 0x6D, 0x3E, 0x3C, 0x69,
    0x69, 0x6E, 0x74, 0x3E, 0x3C, 0x69, 0x69, 0x6E, 0x74, 0x6C, 0x69, 0x6D, 0x3E, 0x3C, 0x69, 0x6D,
    0x61, 0x74, 0x68, 0x3E, 0x3C, 0x69, 0x6E, 0x3E, 0x3C, 0x69, 0x6E, 0x66, 0x74, 0x79, 0x3E, 0x3C,
    0x69, 0x6E, 0x74, 0x3E, 0x3C, 0x69, 0x6E, 0x74, 0x65, 0x72, 0x63, 0x61, 0x6C, 0x3E, 0x3C, 0x69,
    0x6E, 0x74, 0x65, 0x72, 0x6C, 0x65, 0x61, 0x76, 0x65, 0x3E, 0x3C, 0x69, 0x6E, 0x74, 0x6C, 0x69,
    0x6D, 0x3E, 0x3C, 0x69, 0x6E, 0x76, 0x62, 0x72, 0x65, 0x76, 0x65, 0x3E, 0x3C, 0x69, 0x6E, 0x76,
    0x6E, 0x65, 0x67, 0x3E, 0x3C, 0x69, 0x6F, 0x74, 0x61, 0x3E, 0x3C, 0x6A, 0x6F, 0x69, 0x6E, 0x3E,
    0x3C, 0x6A, 0x75, 0x70, 0x69, 0x74, 0x65, 0x72, 0x3E, 0x3C, 0x6B, 0x61, 0x70, 0x70, 0x61, 0x3E,
    0x3C, 0x6C, 0x56, 0x65, 0x72, 0x74, 0x3E, 0x3C, 0x6C, 0x61, 0x6D, 0x62, 0x64, 0x61, 0x3E, 0x3C,
    0x6C, 0x61, 0x6E, 0x67, 0x6C, 0x65, 0x3E, 0x3C, 0x6C, 0x61, 0x72, 0x67, 0x65, 0x2D, 0x28, 0x2D,
    0x30, 0x3E, 0x3C, 0x6C, 0x61, 0x72, 0x67, 0x65, 0x2D, 0x28, 0x3E, 0x3C, 0x6C, 0x61, 0x72, 0x67,
    0x65, 0x2D, 0x29, 0x2D, 0x30, 0x3E, 0x3C, 0x6C, 0x61, 0x72, 0x67, 0x65, 0x2D, 0x29, 0x3E, 0x3C,
    0x6C, 0x61, 0x72, 0x67, 0x65, 0x2D, 0x5B, 0x2D, 0x30, 0x3E, 0x3C, 0x6C, 0x61, 0x72, 0x67, 0x65,
    0x2D, 0x5B, 0x3E, 0x3C, 0x6C, 0x61, 0x72, 0x67, 0x65, 0x2D, 0x5D, 0x2D, 0x30, 0x3E, 0x3C, 0x6C,
    0x61, 0x72, 0x67, 0x65, 0x2D, 0x5D, 0x3E, 0x3C, 0x6C, 0x61, 0x72, 0x67, 0x65, 0x2D, 0x67, 0x74,
    0x72, 0x2D, 0x30, 0x3E, 0x3C, 0x6C, 0x61, 0x72, 0x67, 0x65, 0x2D, 0x6C, 0x56, 0x65, 0x72, 0x74,
    0x2D, 0x30, 0x3E, 0x3C, 0x6C, 0x61, 0x72, 0x67, 0x65, 0x2D, 0x6C, 0x56, 0x65, 0x72, 0x74, 0x3E,
    0x3C, 0x6C, 0x61, 0x72, 0x67, 0x65, 0x2D, 0x6C, 0x61, 0x6E, 0x67, 0x6C, 0x65, 0x2D, 0x30, 0x3E,
    0x3C, 0x6C, 0x61, 0x72, 0x67, 0x65, 0x2D, 0x6C, 0x61, 0x6E, 0x67, 0x6C, 0x65, 0x3E, 0x3C, 0x6C,
    0x61, 0x72, 0x67, 0x65, 0x2D, 0x6C, 0x63, 0x65, 0x69, 0x6C, 0x2D, 0x30, 0x3E, 0x3C, 0x6C, 0x61,
    0x72, 0x67, 0x65, 0x2D, 0x6C, 0x63, 0x65, 0x69, 0x6C, 0x3E, 0x3C, 0x6C, 0x61, 0x72, 0x67, 0x65,
    0x2D, 0x6C, 0x65, 0x73, 0x73, 0x2D, 0x30, 0x3E, 0x3C, 0x6C, 0x61, 0x72, 0x67, 0x65, 0x2D, 0x6C,
    0x66, 0x6C, 0x6F, 0x6F, 0x72, 0x2D, 0x30, 0x3E, 0x3C, 0x6C, 0x61, 0x72, 0x67, 0x65, 0x2D, 0x6C,
    0x66, 0x6C, 0x6F, 0x6F, 0x72, 0x3E, 0x3C, 0x6C, 0x61, 0x72, 0x67, 0x65, 0x2D, 0x6C, 0x6C, 0x62,
    0x72, 0x61, 0x63, 0x6B, 0x65, 0x74, 0x2D, 0x30, 0x3E, 0x3C, 0x6C, 0x61, 0x72, 0x67, 0x65, 0x2D,
    0x6C, 0x6C, 0x62, 0x72, 0x61, 0x63, 0x6B, 0x65, 0x74, 0x3E, 0x3C, 0x6C, 0x61, 0x72, 0x67, 0x65,
    0x2D, 0x6C, 0x76, 0x65, 0x72, 0x74, 0x2D, 0x30, 0x3E, 0x3C, 0x6C, 0x61, 0x72, 0x67, 0x65, 0x2D,
    0x6C, 0x76, 0x65, 0x72, 0x74, 0x3E, 0x3C, 0x6C, 0x61, 0x72, 0x67, 0x65, 0x2D, 0x72, 0x56, 0x65,
    0x72, 0x74, 0x2D, 0x30, 0x3E, 0x3C, 0x6C, 0x61, 0x72, 0x67, 0x65, 0x2D, 0x72, 0x56, 0x65, 0x72,
    0x74, 0x3E, 0x3C, 0x6C, 0x61, 0x72, 0x67, 0x65, 0x2D, 0x72, 0x61, 0x6E, 0x67, 0x6C, 0x65, 0x2D,
    0x30, 0x3E, 0x3C, 0x6C, 0x61, 0x72, 0x67, 0x65, 0x2D, 0x72, 0x61, 0x6E, 0x67, 0x6C, 0x65, 0x3E,
    0x3C, 0x6C, 0x61, 0x72, 0x67, 0x65, 0x2D, 0x72, 0x63, 0x65, 0x69, 0x6C, 0x2D, 0x30, 0x3E, 0x3C,
    0x6C, 0x61, 0x72, 0x67, 0x65, 0x2D, 0x72, 0x63, 0x65, 0x69, 0x6C, 0x3E, 0x3C, 0x6C, 0x61, 0x72,
    0x67, 0x65, 0x2D, 0x72, 0x66, 0x6C, 0x6F, 0x6F, 0x72, 0x2D, 0x30, 0x3E, 0x3C, 0x6C, 0x61, 0x72,
    0x67, 0x65, 0x2D, 0x72, 0x66, 0x6C, 0x6F, 0x6F, 0x72, 0x3E, 0x3C, 0x6C, 0x61, 0x72, 0x67, 0x65,
    0x2D, 0x72, 0x72, 0x62, 0x72, 0x61, 0x63, 0x6B, 0x65, 0x74, 0x2D, 0x30, 0x3E, 0x3C, 0x6C, 0x61,
    0x72, 0x67, 0x65, 0x2D, 0x72, 0x72, 0x62, 0x72, 0x61, 0x63, 0x6B, 0x65, 0x74, 0x3E, 0x3C, 0x6C,
    0x61, 0x72, 0x67, 0x65, 0x2D, 0x72, 0x76, 0x65, 0x72, 0x74, 0x2D, 0x30, 0x3E, 0x3C, 0x6C, 0x61,
    0x72, 0x67, 0x65, 0x2D, 0x72, 0x76, 0x65, 0x72, 0x74, 0x3E, 0x3C, 0x6C, 0x61, 0x72, 0x67, 0x65,
    0x2D, 0x73, 0x71, 0x72, 0x74, 0x2D, 0x30, 0x3E, 0x3C, 0x6C, 0x61, 0x72, 0x67, 0x65, 0x2D, 0x7B,
    0x2D, 0x30, 0x3E, 0x3C, 0x6C, 0x61, 0x72, 0x67, 0x65, 0x2D, 0x7B, 0x3E, 0x3C, 0x6C, 0x61, 0x72,
    0x67, 0x65, 0x2D, 0x7C, 0x2D, 0x30, 0x3E, 0x3C, 0x6C, 0x61, 0x72, 0x67, 0x65, 0x2D, 0x7C, 0x3E,
    0x3C, 0x6C, 0x61, 0x72, 0x67, 0x65, 0x2D, 0x7C, 0x7C, 0x2D, 0x30, 0x3E, 0x3C, 0x6C, 0x61, 0x72,
    0x67, 0x65, 0x2D, 0x7C, 0x7C, 0x3E, 0x3C, 0x6C, 0x61, 0x72, 0x67, 0x65, 0x2D, 0x7D, 0x2D, 0x30,
    0x3E, 0x3C, 0x6C, 0x61, 0x72, 0x67, 0x65, 0x2D, 0x7D, 0x3E, 0x3C, 0x6C, 0x63, 0x65, 0x69, 0x6C,
    0x3E, 0x3C, 0x6C, 0x64, 0x6F, 0x74, 0x73, 0x3E, 0x3C, 0x6C, 0x65, 0x3E, 0x3C, 0x6C, 0x65, 0x66,
    0x74, 0x61, 0x72, 0x72, 0x6F, 0x77, 0x3E, 0x3C, 0x6C, 0x65, 0x66, 0x74, 0x61, 0x72, 0x72, 0x6F,
    0x77, 0x6C, 0x69, 0x6D, 0x3E, 0x3C, 0x6C, 0x65, 0x66, 0x74, 0x61, 0x72, 0x72, 0x6F, 0x77, 0x74,
    0x61, 0x69, 0x6C, 0x3E, 0x3C, 0x6C, 0x65, 0x66, 0x74, 0x61, 0x72, 0x72, 0x6F, 0x77, 0x74, 0x72,
    0x69, 0x61, 0x6E, 0x67, 0x6C, 0x65, 0x3E, 0x3C, 0x6C, 0x65, 0x66, 0x74, 0x68, 0x61, 0x72, 0x70,
    0x6F, 0x6F, 0x6E, 0x64, 0x6F, 0x77, 0x6E, 0x3E, 0x3C, 0x6C, 0x65, 0x66, 0x74, 0x68, 0x61, 0x72,
    0x70, 0x6F, 0x6F, 0x6E, 0x75, 0x70, 0x3E, 0x3C, 0x6C, 0x65, 0x66, 0x74, 0x6C, 0x65, 0x66, 0x74,
    0x61, 0x72, 0x72, 0x6F, 0x77, 0x73, 0x3E, 0x3C, 0x6C, 0x65, 0x66, 0x74, 0x6D, 0x6F, 0x6F, 0x6E,
    0x3E, 0x3C, 0x6C, 0x65, 0x66, 0x74, 0x72, 0x69, 0x67, 0x68, 0x74, 0x61, 0x72, 0x72, 0x6F, 0x77,
    0x3E, 0x3C, 0x6C, 0x65, 0x66, 0x74, 0x72, 0x69, 0x67, 0x68, 0x74, 0x61, 0x72, 0x72, 0x6F, 0x77,
    0x6C, 0x69, 0x6D, 0x3E, 0x3C, 0x6C, 0x65, 0x66, 0x74, 0x72, 0x69, 0x67, 0x68, 0x74, 0x61, 0x72,
    0x72, 0x6F, 0x77, 0x73, 0x3E, 0x3C, 0x6C, 0x65, 0x66, 0x74, 0x72, 0x69, 0x67, 0x68, 0x74, 0x61,
    0x72, 0x72, 0x6F, 0x77, 0x74, 0x72, 0x69, 0x61, 0x6E, 0x67, 0x6C, 0x65, 0x3E, 0x3C, 0x6C, 0x65,
    0x66, 0x74, 0x72, 0x69, 0x67, 0x68, 0x74, 0x68, 0x61, 0x72, 0x70, 0x6F, 0x6F, 0x6E, 0x73, 0x3E,
    0x3C, 0x6C, 0x65, 0x66, 0x74, 0x72, 0x69, 0x67, 0x68, 0x74, 0x73, 0x71, 0x75, 0x69, 0x67, 0x61,
    0x72, 0x72, 0x6F, 0x77, 0x3E, 0x3C, 0x6C, 0x65, 0x66, 0x74, 0x73, 0x6C, 0x69, 0x63, 0x65, 0x3E,
    0x3C, 0x6C, 0x65, 0x66, 0x74, 0x73, 0x71, 0x75, 0x69, 0x67, 0x61, 0x72, 0x72, 0x6F, 0x77, 0x3E,
    0x3C, 0x6C, 0x65, 0x66, 0x74, 0x74, 0x68, 0x72, 0x65, 0x65, 0x74, 0x69, 0x6D, 0x65, 0x73, 0x3E,
    0x3C, 0x6C, 0x65, 0x66, 0x74, 0x74, 0x75, 0x72, 0x6E, 0x3E, 0x3C, 0x6C, 0x65, 0x6F, 0x3E, 0x3C,
    0x6C, 0x65, 0x71, 0x3E, 0x3C, 0x6C, 0x65, 0x71, 0x71, 0x3E, 0x3C, 0x6C, 0x65, 0x71, 0x73, 0x6C,
    0x61, 0x6E, 0x74, 0x3E, 0x3C, 0x6C, 0x65, 0x73, 0x73, 0x3E, 0x3C, 0x6C, 0x65, 0x73, 0x73, 0x61,
    0x70, 0x70, 0x72, 0x6F, 0x78, 0x3E, 0x3C, 0x6C, 0x65, 0x73, 0x73, 0x64, 0x6F, 0x74, 0x3E, 0x3C,
    0x6C, 0x65, 0x73, 0x73, 0x65, 0x71, 0x67, 0x74, 0x72, 0x3E, 0x3C, 0x6C, 0x65, 0x73, 0x73, 0x65,
    0x71, 0x71, 0x67, 0x74, 0x72, 0x3E, 0x3C, 0x6C, 0x65, 0x73, 0x73, 0x67, 0x74, 0x72, 0x3E, 0x3C,
    0x6C, 0x65, 0x73, 0x73, 0x73, 0x69, 0x6D, 0x3E, 0x3C, 0x6C, 0x66, 0x6C, 0x6F, 0x6F, 0x72, 0x3E,
    0x3C, 0x6C, 0x68, 0x64, 0x3E, 0x3C, 0x6C, 0x69, 0x62, 0x72, 0x61, 0x3E, 0x3C, 0x6C, 0x69, 0x67,
    0x68, 0x74, 0x6E, 0x69, 0x6E, 0x67, 0x3E, 0x3C, 0x6C, 0x6C, 0x3E, 0x3C, 0x6C, 0x6C, 0x61, 0x6E,
    0x67, 0x6C, 0x65, 0x3E, 0x3C, 0x6C, 0x6C, 0x62, 0x72, 0x61, 0x63, 0x6B, 0x65, 0x74, 0x3E, 0x3C,
    0x6C, 0x6C, 0x63, 0x6F, 0x72, 0x6E, 0x65, 0x72, 0x3E, 0x3C, 0x6C, 0x6C, 0x6C, 0x3E, 0x3C, 0x6C,
    0x6C, 0x70, 0x61, 0x72, 0x65, 0x6E, 0x74, 0x68, 0x65, 0x73, 0x69, 0x73, 0x3E, 0x3C, 0x6C, 0x6E,
    0x61, 0x70, 0x70, 0x72, 0x6F, 0x78, 0x3E, 0x3C, 0x6C, 0x6E, 0x65, 0x71, 0x3E, 0x3C, 0x6C, 0x6E,
    0x65, 0x71, 0x71, 0x3E, 0x3C, 0x6C, 0x6E, 0x73, 0x69, 0x6D, 0x3E, 0x3C, 0x6C, 0x6F, 0x6E, 0x67,
    0x64, 0x6F, 0x77, 0x6E, 0x61, 0x72, 0x72, 0x6F, 0x77, 0x3E, 0x3C, 0x6C, 0x6F, 0x6E, 0x67, 0x65,
    0x71, 0x75, 0x61, 0x6C, 0x3E, 0x3C, 0x6C, 0x6F, 0x6E, 0x67, 0x65, 0x71, 0x75, 0x61, 0x6C, 0x6C,
    0x69, 0x6D, 0x3E, 0x3C, 0x6C, 0x6F, 0x6E, 0x67, 0x6C, 0x65, 0x66, 0x74, 0x61, 0x72, 0x72, 0x6F,
    0x77, 0x3E, 0x3C, 0x6C, 0x6F, 0x6E, 0x67, 0x6C, 0x65, 0x66, 0x74, 0x61, 0x72, 0x72, 0x6F, 0x77,
    0x6C, 0x69, 0x6D, 0x3E, 0x3C, 0x6C, 0x6F, 0x6E, 0x67, 0x6C, 0x65, 0x66, 0x74, 0x72, 0x69, 0x67,
    0x68, 0x74, 0x61, 0x72, 0x72, 0x6F, 0x77, 0x3E, 0x3C, 0x6C, 0x6F, 0x6E, 0x67, 0x6C, 0x65, 0x66,
    0x74, 0x72, 0x69, 0x67, 0x68, 0x74, 0x61, 0x72, 0x72, 0x6F, 0x77, 0x6C, 0x69, 0x6D, 0x3E, 0x3C,
    0x6C, 0x6F, 0x6E, 0x67, 0x6D, 0x61, 0x70, 0x73, 0x66, 0x72, 0x6F, 0x6D, 0x3E, 0x3C, 0x6C, 0x6F,
    0x6E, 0x67, 0x6D, 0x61, 0x70, 0x73, 0x74, 0x6F, 0x3E, 0x3C, 0x6C, 0x6F, 0x6E, 0x67, 0x6D, 0x61,
    0x70, 0x73, 0x74, 0x6F, 0x6C, 0x69, 0x6D, 0x3E, 0x3C, 0x6C, 0x6F, 0x6E, 0x67, 0x6D, 0x69, 0x6E,
    0x75, 0x73, 0x3E, 0x3C, 0x6C, 0x6F, 0x6E, 0x67, 0x72, 0x69, 0x67, 0x68, 0x74, 0x61, 0x72, 0x72,
    0x6F, 0x77, 0x3E, 0x3C, 0x6C, 0x6F, 0x6E, 0x67, 0x72, 0x69, 0x67, 0x68, 0x74, 0x61, 0x72, 0x72,
    0x6F, 0x77, 0x6C, 0x69, 0x6D, 0x3E, 0x3C, 0x6C, 0x6F, 0x6E, 0x67, 0x74, 0x77, 0x6F, 0x68, 0x65,
    0x61, 0x64, 0x6C, 0x65, 0x66, 0x74, 0x61, 0x72, 0x72, 0x6F, 0x77, 0x3E, 0x3C, 0x6C, 0x6F, 0x6E,
    0x67, 0x74, 0x77, 0x6F, 0x68, 0x65, 0x61, 0x64, 0x72, 0x69, 0x67, 0x68, 0x74, 0x61, 0x72, 0x72,
    0x6F, 0x77, 0x3E, 0x3C, 0x6C, 0x6F, 0x6E, 0x67, 0x75, 0x70, 0x61, 0x72, 0x72, 0x6F, 0x77, 0x3E,
    0x3C, 0x6C, 0x6F, 0x6E, 0x67, 0x75, 0x70, 0x64, 0x6F, 0x77, 0x6E, 0x61, 0x72, 0x72, 0x6F, 0x77,
    0x3E, 0x3C, 0x6C, 0x6F, 0x6F, 0x70, 0x61, 0x72, 0x72, 0x6F, 0x77, 0x6C, 0x65, 0x66, 0x74, 0x3E,
    0x3C, 0x6C, 0x6F, 0x6F, 0x70, 0x61, 0x72, 0x72, 0x6F, 0x77, 0x72, 0x69, 0x67, 0x68, 0x74, 0x3E,
    0x3C, 0x6C, 0x6F, 0x7A, 0x65, 0x6E, 0x67, 0x65, 0x3E, 0x3C, 0x6C, 0x72, 0x63, 0x6F, 0x72, 0x6E,
    0x65, 0x72, 0x3E, 0x3C, 0x6C, 0x74, 0x69, 0x6D, 0x65, 0x73, 0x3E, 0x3C, 0x6C, 0x76, 0x65, 0x72,
    0x74, 0x3E, 0x3C, 0x6D, 0x61, 0x6C, 0x65, 0x3E, 0x3C, 0x6D, 0x61, 0x6C, 0x74, 0x65, 0x73, 0x65,
    0x3E, 0x3C, 0x6D, 0x61, 0x70, 0x73, 0x66, 0x72, 0x6F, 0x6D, 0x3E, 0x3C, 0x6D, 0x61, 0x70, 0x73,
    0x74, 0x6F, 0x3E, 0x3C, 0x6D, 0x61, 0x70, 0x73, 0x74, 0x6F, 0x6C, 0x69, 0x6D, 0x3E, 0x3C, 0x6D,
    0x61, 0x72, 0x73, 0x3E, 0x3C, 0x6D, 0x61, 0x73, 0x63, 0x75, 0x6C, 0x69, 0x6E, 0x65, 0x3E, 0x3C,
    0x6D, 0x61, 0x74, 0x68, 0x44, 0x3E, 0x3C, 0x6D, 0x61, 0x74, 0x68, 0x47, 0x61, 0x6D, 0x6D, 0x61,
    0x3E, 0x3C, 0x6D, 0x61, 0x74, 0x68, 0x4C, 0x61, 0x70, 0x6C, 0x61, 0x63, 0x65, 0x3E, 0x3C, 0x6D,
    0x61, 0x74, 0x68, 0x63, 0x61, 0x74, 0x61, 0x6C, 0x61, 0x6E, 0x3E, 0x3C, 0x6D, 0x61, 0x74, 0x68,
    0x64, 0x3E, 0x3C, 0x6D, 0x61, 0x74, 0x68, 0x65, 0x3E, 0x3C, 0x6D, 0x61, 0x74, 0x68, 0x65, 0x75,
    0x6C, 0x65, 0x72, 0x3E, 0x3C, 0x6D, 0x61, 0x74, 0x68, 0x69, 0x3E, 0x3C, 0x6D, 0x61, 0x74, 0x68,
    0x6A, 0x3E, 0x3C, 0x6D, 0x61, 0x74, 0x68, 0x6C, 0x61, 0x6D, 0x62, 0x64, 0x61, 0x3E, 0x3C, 0x6D,
    0x61, 0x74, 0x68, 0x70, 0x69, 0x2A, 0x3E, 0x3C, 0x6D, 0x61, 0x74, 0x68, 0x70, 0x69, 0x3E, 0x3C,
    0x6D, 0x65, 0x61, 0x73, 0x75, 0x72, 0x65, 0x64, 0x61, 0x6E, 0x67, 0x6C, 0x65, 0x3E, 0x3C, 0x6D,
    0x65, 0x72, 0x63, 0x75, 0x72, 0x79, 0x3E, 0x3C, 0x6D, 0x65, 0x72, 0x67, 0x65, 0x3E, 0x3C, 0x6D,
    0x69, 0x64, 0x3E, 0x3C, 0x6D, 0x69, 0x6E, 0x75, 0x73, 0x3E, 0x3C, 0x6D, 0x69, 0x6E, 0x75, 0x73,
    0x6F, 0x3E, 0x3C, 0x6D, 0x6F, 0x64, 0x65, 0x6C, 0x73, 0x3E, 0x3C, 0x6D, 0x70, 0x3E, 0x3C, 0x6D,
    0x75, 0x3E, 0x3C, 0x6D, 0x75, 0x6C, 0x74, 0x69, 0x6D, 0x61, 0x70, 0x3E, 0x3C, 0x6E, 0x4C, 0x65,
    0x66, 0x74, 0x61, 0x72, 0x72, 0x6F, 0x77, 0x3E, 0x3C, 0x6E, 0x4C, 0x65, 0x66, 0x74, 0x72, 0x69,
    0x67, 0x68, 0x74, 0x61, 0x72, 0x72, 0x6F, 0x77, 0x3E, 0x3C, 0x6E, 0x52, 0x69, 0x67, 0x68, 0x74,
    0x61, 0x72, 0x72, 0x6F, 0x77, 0x3E, 0x3C, 0x6E, 0x56, 0x44, 0x61, 0x73, 0x68, 0x3E, 0x3C, 0x6E,
    0x56, 0x64, 0x61, 0x73, 0x68, 0x3E, 0x3C, 0x6E, 0x61, 0x62, 0x6C, 0x61, 0x3E, 0x3C, 0x6E, 0x61,
    0x70, 0x70, 0x72, 0x6F, 0x78, 0x3E, 0x3C, 0x6E, 0x61, 0x73, 0x79, 0x6D, 0x70, 0x3E, 0x3C, 0x6E,
    0x61, 0x74, 0x75, 0x72, 0x61, 0x6C, 0x3E, 0x3C, 0x6E, 0x62, 0x68, 0x79, 0x70, 0x68, 0x3E, 0x3C,
    0x6E, 0x63, 0x6F, 0x6E, 0x67, 0x3E, 0x3C, 0x6E, 0x65, 0x61, 0x72, 0x72, 0x6F, 0x77, 0x3E, 0x3C,
    0x6E, 0x65, 0x67, 0x3E, 0x3C, 0x6E, 0x65, 0x70, 0x74, 0x75, 0x6E, 0x65, 0x3E, 0x3C, 0x6E, 0x65,
    0x71, 0x3E, 0x3C, 0x6E, 0x65, 0x71, 0x75, 0x69, 0x76, 0x3E, 0x3C, 0x6E, 0x65, 0x77, 0x6D, 0x6F,
    0x6F, 0x6E, 0x3E, 0x3C, 0x6E, 0x65, 0x78, 0x69, 0x73, 0x74, 0x73, 0x3E, 0x3C, 0x6E, 0x67, 0x65,
    0x71, 0x3E, 0x3C, 0x6E, 0x67, 0x74, 0x72, 0x3E, 0x3C, 0x6E, 0x69, 0x3E, 0x3C, 0x6E, 0x69, 0x6E,
    0x3E, 0x3C, 0x6E, 0x6C, 0x65, 0x66, 0x74, 0x61, 0x72, 0x72, 0x6F, 0x77, 0x3E, 0x3C, 0x6E, 0x6C,
    0x65, 0x66, 0x74, 0x72, 0x69, 0x67, 0x68, 0x74, 0x61, 0x72, 0x72, 0x6F, 0x77, 0x3E, 0x3C, 0x6E,
    0x6C, 0x65, 0x71, 0x3E, 0x3C, 0x6E, 0x6C, 0x65, 0x73, 0x73, 0x3E, 0x3C, 0x6E, 0x6D, 0x69, 0x64,
    0x3E, 0x3C, 0x6E, 0x6E, 0x69, 0x3E, 0x3C, 0x6E, 0x6F, 0x62, 0x72, 0x61, 0x63, 0x6B, 0x65, 0x74,
    0x3E, 0x3C, 0x6E, 0x6F, 0x63, 0x6F, 0x6D, 0x6D, 0x61, 0x3E, 0x3C, 0x6E, 0x6F, 0x70, 0x6C, 0x75,
    0x73, 0x3E, 0x3C, 0x6E, 0x6F, 0x73, 0x70, 0x61, 0x63, 0x65, 0x3E, 0x3C, 0x6E, 0x6F, 0x73, 0x79,
    0x6D, 0x62, 0x6F, 0x6C, 0x3E, 0x3C, 0x6E, 0x6F, 0x74, 0x69, 0x6D, 0x65, 0x73, 0x3E, 0x3C, 0x6E,
    0x6F, 0x74, 0x69, 0x6E, 0x3E, 0x3C, 0x6E, 0x6F, 0x74, 0x6E, 0x69, 0x3E, 0x3C, 0x6E, 0x70, 0x61,
    0x72, 0x61, 0x6C, 0x6C, 0x65, 0x6C, 0x3E, 0x3C, 0x6E, 0x70, 0x72, 0x65, 0x63, 0x3E, 0x3C, 0x6E,
    0x70, 0x72, 0x65, 0x63, 0x63, 0x75, 0x72, 0x6C, 0x79, 0x65, 0x71, 0x3E, 0x3C, 0x6E, 0x72, 0x69,
    0x67, 0x68, 0x74, 0x61, 0x72, 0x72, 0x6F, 0x77, 0x3E, 0x3C, 0x6E, 0x73, 0x68, 0x6F, 0x72, 0x74,
    0x6D, 0x69, 0x64, 0x3E, 0x3C, 0x6E, 0x73, 0x68, 0x6F, 0x72, 0x74, 0x70, 0x61, 0x72, 0x61, 0x6C,
    0x6C, 0x65, 0x6C, 0x3E, 0x3C, 0x6E, 0x73, 0x69, 0x6D, 0x3E, 0x3C, 0x6E, 0x73, 0x69, 0x6D, 0x65,
    0x71, 0x3E, 0x3C, 0x6E, 0x73, 0x71, 0x73, 0x75, 0x62, 0x73, 0x65, 0x74, 0x65, 0x71, 0x3E, 0x3C,
    0x6E, 0x73, 0x71, 0x73, 0x75, 0x70, 0x73, 0x65, 0x74, 0x65, 0x71, 0x3E, 0x3C, 0x6E, 0x73, 0x75,
    0x62, 0x73, 0x65, 0x74, 0x3E, 0x3C, 0x6E, 0x73, 0x75, 0x62, 0x73, 0x65, 0x74, 0x65, 0x71, 0x3E,
    0x3C, 0x6E, 0x73, 0x75, 0x63, 0x63, 0x3E, 0x3C, 0x6E, 0x73, 0x75, 0x63, 0x63, 0x63, 0x75, 0x72,
    0x6C, 0x79, 0x65, 0x71, 0x3E, 0x3C, 0x6E, 0x73, 0x75, 0x70, 0x73, 0x65, 0x74, 0x3E, 0x3C, 0x6E,
    0x73, 0x75, 0x70, 0x73, 0x65, 0x74, 0x65, 0x71, 0x3E, 0x3C, 0x6E, 0x74, 0x72, 0x69, 0x61, 0x6E,
    0x67, 0x6C, 0x65, 0x6C, 0x65, 0x66, 0x74, 0x3E, 0x3C, 0x6E, 0x74, 0x72, 0x69, 0x61, 0x6E, 0x67,
    0x6C, 0x65, 0x6C, 0x65, 0x66, 0x74, 0x65, 0x71, 0x3E, 0x3C, 0x6E, 0x74, 0x72, 0x69, 0x61, 0x6E,
    0x67, 0x6C, 0x65, 0x72, 0x69, 0x67, 0x68, 0x74, 0x3E, 0x3C, 0x6E, 0x74, 0x72, 0x69, 0x61, 0x6E,
    0x67, 0x6C, 0x65, 0x72, 0x69, 0x67, 0x68, 0x74, 0x65, 0x71, 0x3E, 0x3C, 0x6E, 0x75, 0x3E, 0x3C,
    0x6E, 0x76, 0x44, 0x61, 0x73, 0x68, 0x3E, 0x3C, 0x6E, 0x76, 0x64, 0x61, 0x73, 0x68, 0x3E, 0x3C,
    0x6E, 0x77, 0x61, 0x72, 0x72, 0x6F, 0x77, 0x3E, 0x3C, 0x6F, 0x2F, 0x3E, 0x3C, 0x6F, 0x62, 0x6C,
    0x6F, 0x6E, 0x67, 0x3E, 0x3C, 0x6F, 0x64, 0x6F, 0x74, 0x3E, 0x3C, 0x6F, 0x65, 0x3E, 0x3C, 0x6F,
    0x66, 0x3E, 0x3C, 0x6F, 0x69, 0x69, 0x69, 0x6E, 0x74, 0x3E, 0x3C, 0x6F, 0x69, 0x69, 0x69, 0x6E,
    0x74, 0x6C, 0x69, 0x6D, 0x3E, 0x3C, 0x6F, 0x69, 0x69, 0x6E, 0x74, 0x3E, 0x3C, 0x6F, 0x69, 0x69,
    0x6E, 0x74, 0x6C, 0x69, 0x6D, 0x3E, 0x3C, 0x6F, 0x69, 0x6E, 0x74, 0x3E, 0x3C, 0x6F, 0x69, 0x6E,
    0x74, 0x6C, 0x69, 0x6D, 0x3E, 0x3C, 0x6F, 0x6D, 0x65, 0x67, 0x61, 0x3E, 0x3C, 0x6F, 0x6D, 0x69,
    0x63, 0x72, 0x6F, 0x6E, 0x3E, 0x3C, 0x6F, 0x6D, 0x69, 0x6E, 0x75, 0x73, 0x3E, 0x3C, 0x6F, 0x6E,
    0x65, 0x68, 0x61, 0x6C, 0x66, 0x3E, 0x3C, 0x6F, 0x6E, 0x65, 0x71, 0x75, 0x61, 0x72, 0x74, 0x65,
    0x72, 0x3E, 0x3C, 0x6F, 0x6E, 0x65, 0x73, 0x75, 0x70, 0x65, 0x72, 0x69, 0x6F, 0x72, 0x3E, 0x3C,
    0x6F, 0x70, 0x6C, 0x75, 0x73, 0x3E, 0x3C, 0x6F, 0x70, 0x70, 0x6F, 0x73, 0x69, 0x74, 0x69, 0x6F,
    0x6E, 0x3E, 0x3C, 0x6F, 0x70, 0x74, 0x69, 0x6F, 0x6E, 0x20, 0x6B, 0x65, 0x79, 0x3E, 0x3C, 0x6F,
    0x72, 0x64, 0x66, 0x65, 0x6D, 0x69, 0x6E, 0x69, 0x6E, 0x65, 0x3E, 0x3C, 0x6F, 0x73, 0x6C, 0x61,
    0x73, 0x68, 0x3E, 0x3C, 0x6F, 0x74, 0x69, 0x6D, 0x65, 0x73, 0x3E, 0x3C, 0x70, 0x61, 0x72, 0x61,
    0x67, 0x72, 0x61, 0x70, 0x68, 0x3E, 0x3C, 0x70, 0x61, 0x72, 0x61, 0x6C, 0x6C, 0x65, 0x6C, 0x3E,
    0x3C, 0x70, 0x61, 0x72, 0x74, 0x69, 0x61, 0x6C, 0x3E, 0x3C, 0x70, 0x65, 0x72, 0x6D, 0x69, 0x6C,
    0x3E, 0x3C, 0x70, 0x65, 0x72, 0x70, 0x3E, 0x3C, 0x70, 0x68, 0x69, 0x3E, 0x3C, 0x70, 0x68, 0x6F,
    0x6E, 0x65, 0x3E, 0x3C, 0x70, 0x69, 0x3E, 0x3C, 0x70, 0x69, 0x73, 0x63, 0x65, 0x73, 0x3E, 0x3C,
    0x70, 0x69, 0x74, 0x63, 0x68, 0x66, 0x6F, 0x72, 0x6B, 0x3E, 0x3C, 0x70, 0x6C, 0x61, 0x63, 0x65,
    0x20, 0x6F, 0x66, 0x20, 0x69, 0x6E, 0x74, 0x65, 0x72, 0x65, 0x73, 0x74, 0x20, 0x73, 0x69, 0x67,
    0x6E, 0x3E, 0x3C, 0x70, 0x6C, 0x75, 0x73, 0x63, 0x75, 0x70, 0x3E, 0x3C, 0x70, 0x6C, 0x75, 0x74,
    0x6F, 0x3E, 0x3C, 0x70, 0x6D, 0x3E, 0x3C, 0x70, 0x72, 0x65, 0x63, 0x3E, 0x3C, 0x70, 0x72, 0x65,
    0x63, 0x61, 0x70, 0x70, 0x72, 0x6F, 0x78, 0x3E, 0x3C, 0x70, 0x72, 0x65, 0x63, 0x63, 0x75, 0x72,
    0x6C, 0x79, 0x65, 0x71, 0x3E, 0x3C, 0x70, 0x72, 0x65, 0x63, 0x65, 0x71, 0x3E, 0x3C, 0x70, 0x72,
    0x65, 0x63, 0x6E, 0x61, 0x70, 0x70, 0x72, 0x6F, 0x78, 0x3E, 0x3C, 0x70, 0x72, 0x65, 0x63, 0x6E,
    0x65, 0x71, 0x71, 0x3E, 0x3C, 0x70, 0x72, 0x65, 0x63, 0x6E, 0x73, 0x69, 0x6D, 0x3E, 0x3C, 0x70,
    0x72, 0x65, 0x63, 0x73, 0x69, 0x6D, 0x3E, 0x3C, 0x70, 0x72, 0x69, 0x6D, 0x65, 0x3E, 0x3C, 0x70,
    0x72, 0x6F, 0x64, 0x3E, 0x3C, 0x70, 0x72, 0x6F, 0x70, 0x74, 0x6F, 0x3E, 0x3C, 0x70, 0x73, 0x69,
    0x3E, 0x3C, 0x71, 0x75, 0x61, 0x72, 0x74, 0x65, 0x72, 0x6E, 0x6F, 0x74, 0x65, 0x3E, 0x3C, 0x72,
    0x56, 0x65, 0x72, 0x74, 0x3E, 0x3C, 0x72, 0x61, 0x6E, 0x67, 0x6C, 0x65, 0x3E, 0x3C, 0x72, 0x63,
    0x65, 0x69, 0x6C, 0x3E, 0x3C, 0x72, 0x65, 0x63, 0x6F, 0x72, 0x64, 0x65, 0x72, 0x3E, 0x3C, 0x72,
    0x66, 0x6C, 0x6F, 0x6F, 0x72, 0x3E, 0x3C, 0x72, 0x68, 0x64, 0x3E, 0x3C, 0x72, 0x68, 0x6F, 0x3E,
    0x3C, 0x72, 0x69, 0x67, 0x68, 0x74, 0x61, 0x72, 0x72, 0x6F, 0x77, 0x3E, 0x3C, 0x72, 0x69, 0x67,
    0x68, 0x74, 0x61, 0x72, 0x72, 0x6F, 0x77, 0x6C, 0x69, 0x6D, 0x3E, 0x3C, 0x72, 0x69, 0x67, 0x68,
    0x74, 0x61, 0x72, 0x72, 0x6F, 0x77, 0x74, 0x61, 0x69, 0x6C, 0x3E, 0x3C, 0x72, 0x69, 0x67, 0x68,
    0x74, 0x61, 0x72, 0x72, 0x6F, 0x77, 0x74, 0x72, 0x69, 0x61, 0x6E, 0x67, 0x6C, 0x65, 0x3E, 0x3C,
    0x72, 0x69, 0x67, 0x68, 0x74, 0x68, 0x61, 0x72, 0x70, 0x6F, 0x6F, 0x6E, 0x64, 0x6F, 0x77, 0x6E,
    0x3E, 0x3C, 0x72, 0x69, 0x67, 0x68, 0x74, 0x68, 0x61, 0x72, 0x70, 0x6F, 0x6F, 0x6E, 0x75, 0x70,
    0x3E, 0x3C, 0x72, 0x69, 0x67, 0x68, 0x74, 0x6C, 0x65, 0x66, 0x74, 0x61, 0x72, 0x72, 0x6F, 0x77,
    0x73, 0x3E, 0x3C, 0x72, 0x69, 0x67, 0x68, 0x74, 0x6C, 0x65, 0x66, 0x74, 0x68, 0x61, 0x72, 0x70,
    0x6F, 0x6F, 0x6E, 0x73, 0x3E, 0x3C, 0x72, 0x69, 0x67, 0x68, 0x74, 0x6D, 0x6F, 0x6F, 0x6E, 0x3E,
    0x3C, 0x72, 0x69, 0x67, 0x68, 0x74, 0x72, 0x69, 0x67, 0x68, 0x74, 0x61, 0x72, 0x72, 0x6F, 0x77,
    0x73, 0x3E, 0x3C, 0x72, 0x69, 0x67, 0x68, 0x74, 0x73, 0x6C, 0x69, 0x63, 0x65, 0x3E, 0x3C, 0x72,
    0x69, 0x67, 0x68, 0x74, 0x73, 0x71, 0x75, 0x69, 0x67, 0x61, 0x72, 0x72, 0x6F, 0x77, 0x3E, 0x3C,
    0x72, 0x69, 0x67, 0x68, 0x74, 0x74, 0x68, 0x72, 0x65, 0x65, 0x74, 0x69, 0x6D, 0x65, 0x73, 0x3E,
    0x3C, 0x72, 0x69, 0x67, 0x68, 0x74, 0x74, 0x75, 0x72, 0x6E, 0x3E, 0x3C, 0x72, 0x69, 0x73, 0x69,
    0x6E, 0x67, 0x64, 0x6F, 0x74, 0x65, 0x71, 0x3E, 0x3C, 0x72, 0x72, 0x61, 0x6E, 0x67, 0x6C, 0x65,
    0x3E, 0x3C, 0x72, 0x72, 0x62, 0x72, 0x61, 0x63, 0x6B, 0x65, 0x74, 0x3E, 0x3C, 0x72, 0x72, 0x70,
    0x61, 0x72, 0x65, 0x6E, 0x74, 0x68, 0x65, 0x73, 0x69, 0x73, 0x3E, 0x3C, 0x72, 0x74, 0x69, 0x6D,
    0x65, 0x73, 0x3E, 0x3C, 0x72, 0x76, 0x65, 0x72, 0x74, 0x3E, 0x3C, 0x73, 0x61, 0x67, 0x69, 0x74,
    0x74, 0x61, 0x72, 0x69, 0x75, 0x73, 0x3E, 0x3C, 0x73, 0x61, 0x74, 0x75, 0x72, 0x6E, 0x3E, 0x3C,
    0x73, 0x63, 0x6F, 0x72, 0x70, 0x69, 0x6F, 0x3E, 0x3C, 0x73, 0x65, 0x61, 0x72, 0x72, 0x6F, 0x77,
    0x3E, 0x3C, 0x73, 0x65, 0x74, 0x6D, 0x69, 0x6E, 0x75, 0x73, 0x3E, 0x3C, 0x73, 0x68, 0x61, 0x72,
    0x70, 0x3E, 0x3C, 0x73, 0x68, 0x6F, 0x72, 0x74, 0x6D, 0x69, 0x64, 0x3E, 0x3C, 0x73, 0x68, 0x6F,
    0x72, 0x74, 0x70, 0x61, 0x72, 0x61, 0x6C, 0x6C, 0x65, 0x6C, 0x3E, 0x3C, 0x73, 0x69, 0x67, 0x6D,
    0x61, 0x3E, 0x3C, 0x73, 0x69, 0x6D, 0x3E, 0x3C, 0x73, 0x69, 0x6D, 0x65, 0x71, 0x3E, 0x3C, 0x73,
    0x6D, 0x61, 0x6C, 0x6C, 0x73, 0x65, 0x74, 0x6D, 0x69, 0x6E, 0x75, 0x73, 0x3E, 0x3C, 0x73, 0x6D,
    0x69, 0x6C, 0x65, 0x3E, 0x3C, 0x73, 0x6D, 0x69, 0x6C, 0x65, 0x79, 0x3E, 0x3C, 0x73, 0x70, 0x61,
    0x64, 0x65, 0x73, 0x75, 0x69, 0x74, 0x3E, 0x3C, 0x73, 0x70, 0x68, 0x65, 0x72, 0x69, 0x63, 0x61,
    0x6C, 0x61, 0x6E, 0x67, 0x6C, 0x65, 0x3E, 0x3C, 0x73, 0x71, 0x63, 0x61, 0x70, 0x3E, 0x3C, 0x73,
    0x71, 0x63, 0x75, 0x70, 0x3E, 0x3C, 0x73, 0x71, 0x72, 0x74, 0x3E, 0x3C, 0x73, 0x71, 0x73, 0x75,
    0x62, 0x73, 0x65, 0x74, 0x3E, 0x3C, 0x73, 0x71, 0x73, 0x75, 0x62, 0x73, 0x65, 0x74, 0x65, 0x71,
    0x3E, 0x3C, 0x73, 0x71, 0x73, 0x75, 0x70, 0x73, 0x65, 0x74, 0x3E, 0x3C, 0x73, 0x71, 0x73, 0x75,
    0x70, 0x73, 0x65, 0x74, 0x65, 0x71, 0x3E, 0x3C, 0x73, 0x71, 0x75, 0x61, 0x72, 0x65, 0x3E, 0x3C,
    0x73, 0x74, 0x61, 0x72, 0x3E, 0x3C, 0x73, 0x74, 0x65, 0x72, 0x6C, 0x69, 0x6E, 0x67, 0x3E, 0x3C,
    0x73, 0x75, 0x62, 0x73, 0x65, 0x74, 0x3E, 0x3C, 0x73, 0x75, 0x62, 0x73, 0x65, 0x74, 0x65, 0x71,
    0x3E, 0x3C, 0x73, 0x75, 0x62, 0x73, 0x65, 0x74, 0x65, 0x71, 0x71, 0x3E, 0x3C, 0x73, 0x75, 0x62,
    0x73, 0x65, 0x74, 0x6E, 0x65, 0x71, 0x3E, 0x3C, 0x73, 0x75, 0x62, 0x73, 0x65, 0x74, 0x6E, 0x65,
    0x71, 0x71, 0x3E, 0x3C, 0x73, 0x75, 0x63, 0x63, 0x3E, 0x3C, 0x73, 0x75, 0x63, 0x63, 0x61, 0x70,
    0x70, 0x72, 0x6F, 0x78, 0x3E, 0x3C, 0x73, 0x75, 0x63, 0x63, 0x63, 0x75, 0x72, 0x6C, 0x79, 0x65,
    0x71, 0x3E, 0x3C, 0x73, 0x75, 0x63, 0x63, 0x65, 0x71, 0x3E, 0x3C, 0x73, 0x75, 0x63, 0x63, 0x6E,
    0x61, 0x70, 0x70, 0x72, 0x6F, 0x78, 0x3E, 0x3C, 0x73, 0x75, 0x63, 0x63, 0x6E, 0x65, 0x71, 0x71,
    0x3E, 0x3C, 0x73, 0x75, 0x63, 0x63, 0x6E, 0x73, 0x69, 0x6D, 0x3E, 0x3C, 0x73, 0x75, 0x63, 0x63,
    0x73, 0x69, 0x6D, 0x3E, 0x3C, 0x73, 0x75, 0x63, 0x68, 0x74, 0x68, 0x61, 0x74, 0x3E, 0x3C, 0x73,
    0x75, 0x6D, 0x3E, 0x3C, 0x73, 0x75, 0x6E, 0x3E, 0x3C, 0x73, 0x75, 0x70, 0x73, 0x65, 0x74, 0x3E,
    0x3C, 0x73, 0x75, 0x70, 0x73, 0x65, 0x74, 0x65, 0x71, 0x3E, 0x3C, 0x73, 0x75, 0x70, 0x73, 0x65,
    0x74, 0x65, 0x71, 0x71, 0x3E, 0x3C, 0x73, 0x75, 0x70, 0x73, 0x65, 0x74, 0x6E, 0x65, 0x71, 0x3E,
    0x3C, 0x73, 0x75, 0x70, 0x73, 0x65, 0x74, 0x6E, 0x65, 0x71, 0x71, 0x3E, 0x3C, 0x73, 0x77, 0x61,
    0x72, 0x72, 0x6F, 0x77, 0x3E, 0x3C, 0x73, 0x7A, 0x3E, 0x3C, 0x74, 0x61, 0x6C, 0x6C, 0x6F, 0x62,
    0x6C, 0x6F, 0x6E, 0x67, 0x3E, 0x3C, 0x74, 0x61, 0x75, 0x3E, 0x3C, 0x74, 0x61, 0x75, 0x72, 0x75,
    0x73, 0x3E, 0x3C, 0x74, 0x68, 0x65, 0x72, 0x65, 0x66, 0x6F, 0x72, 0x65, 0x3E, 0x3C, 0x74, 0x68,
    0x65, 0x74, 0x61, 0x3E, 0x3C, 0x74, 0x68, 0x6F, 0x72, 0x6E, 0x3E, 0x3C, 0x74, 0x68, 0x72, 0x65,
    0x65, 0x71, 0x75, 0x61, 0x72, 0x74, 0x65, 0x72, 0x73, 0x3E, 0x3C, 0x74, 0x68, 0x72, 0x65, 0x65,
    0x73, 0x75, 0x70, 0x65, 0x72, 0x69, 0x6F, 0x72, 0x3E, 0x3C, 0x74, 0x69, 0x6D, 0x65, 0x73, 0x3E,
    0x3C, 0x74, 0x6F, 0x3E, 0x3C, 0x74, 0x6F, 0x70, 0x3E, 0x3C, 0x74, 0x72, 0x61, 0x64, 0x65, 0x6D,
    0x61, 0x72, 0x6B, 0x3E, 0x3C, 0x74, 0x72, 0x69, 0x61, 0x6E, 0x67, 0x6C, 0x65, 0x3E, 0x3C, 0x74,
    0x72, 0x69, 0x61, 0x6E, 0x67, 0x6C, 0x65, 0x64, 0x6F, 0x77, 0x6E, 0x3E, 0x3C, 0x74, 0x72, 0x69,
    0x61, 0x6E, 0x67, 0x6C, 0x65, 0x6C, 0x65, 0x66, 0x74, 0x3E, 0x3C, 0x74, 0x72, 0x69, 0x61, 0x6E,
    0x67, 0x6C, 0x65, 0x6C, 0x65, 0x66, 0x74, 0x65, 0x71, 0x3E, 0x3C, 0x74, 0x72, 0x69, 0x61, 0x6E,
    0x67, 0x6C, 0x65, 0x71, 0x3E, 0x3C, 0x74, 0x72, 0x69, 0x61, 0x6E, 0x67, 0x6C, 0x65, 0x72, 0x69,
    0x67, 0x68, 0x74, 0x3E, 0x3C, 0x74, 0x72, 0x69, 0x61, 0x6E, 0x67, 0x6C, 0x65, 0x72, 0x69, 0x67,
    0x68, 0x74, 0x65, 0x71, 0x3E, 0x3C, 0x74, 0x77, 0x6F, 0x68, 0x65, 0x61, 0x64, 0x6C, 0x65, 0x66,
    0x74, 0x61, 0x72, 0x72, 0x6F, 0x77, 0x3E, 0x3C, 0x74, 0x77, 0x6F, 0x68, 0x65, 0x61, 0x64, 0x72,
    0x69, 0x67, 0x68, 0x74, 0x61, 0x72, 0x72, 0x6F, 0x77, 0x3E, 0x3C, 0x74, 0x77, 0x6F, 0x6E, 0x6F,
    0x74, 0x65, 0x73, 0x3E, 0x3C, 0x74, 0x77, 0x6F, 0x73, 0x75, 0x70, 0x65, 0x72, 0x69, 0x6F, 0x72,
    0x3E, 0x3C, 0x75, 0x64, 0x6F, 0x74, 0x73, 0x3E, 0x3C, 0x75, 0x6C, 0x63, 0x6F, 0x72, 0x6E, 0x65,
    0x72, 0x3E, 0x3C, 0x75, 0x6D, 0x3E, 0x3C, 0x75, 0x6D, 0x70, 0x3E, 0x3C, 0x75, 0x6E, 0x6C, 0x68,
    0x64, 0x3E, 0x3C, 0x75, 0x6E, 0x72, 0x68, 0x64, 0x3E, 0x3C, 0x75, 0x70, 0x61, 0x72, 0x72, 0x6F,
    0x77, 0x3E, 0x3C, 0x75, 0x70, 0x64, 0x6F, 0x77, 0x6E, 0x61, 0x72, 0x72, 0x6F, 0x77, 0x3E, 0x3C,
    0x75, 0x70, 0x68, 0x61, 0x72, 0x70, 0x6F, 0x6F, 0x6E, 0x6C, 0x65, 0x66, 0x74, 0x3E, 0x3C, 0x75,
    0x70, 0x68, 0x61, 0x72, 0x70, 0x6F, 0x6F, 0x6E, 0x72, 0x69, 0x67, 0x68, 0x74, 0x3E, 0x3C, 0x75,
    0x70, 0x69, 0x69, 0x69, 0x69, 0x6E, 0x74, 0x3E, 0x3C, 0x75, 0x70, 0x69, 0x69, 0x69, 0x69, 0x6E,
    0x74, 0x6C, 0x69, 0x6D, 0x3E, 0x3C, 0x75, 0x70, 0x69, 0x69, 0x69, 0x6E, 0x74, 0x3E, 0x3C, 0x75,
    0x70, 0x69, 0x69, 0x69, 0x6E, 0x74, 0x6C, 0x69, 0x6D, 0x3E, 0x3C, 0x75, 0x70, 0x69, 0x69, 0x6E,
    0x74, 0x3E, 0x3C, 0x75, 0x70, 0x69, 0x69, 0x6E, 0x74, 0x6C, 0x69, 0x6D, 0x3E, 0x3C, 0x75, 0x70,
    0x69, 0x6E, 0x74, 0x3E, 0x3C, 0x75, 0x70, 0x69, 0x6E, 0x74, 0x6C, 0x69, 0x6D, 0x3E, 0x3C, 0x75,
    0x70, 0x6C, 0x3E, 0x3C, 0x75, 0x70, 0x6C, 0x75, 0x73, 0x3E, 0x3C, 0x75, 0x70, 0x6D, 0x3E, 0x3C,
    0x75, 0x70, 0x6F, 0x69, 0x69, 0x69, 0x6E, 0x74, 0x3E, 0x3C, 0x75, 0x70, 0x6F, 0x69, 0x69, 0x69,
    0x6E, 0x74, 0x6C, 0x69, 0x6D, 0x3E, 0x3C, 0x75, 0x70, 0x6F, 0x69, 0x69, 0x6E, 0x74, 0x3E, 0x3C,
    0x75, 0x70, 0x6F, 0x69, 0x69, 0x6E, 0x74, 0x6C, 0x69, 0x6D, 0x3E, 0x3C, 0x75, 0x70, 0x6F, 0x69,
    0x6E, 0x74, 0x3E, 0x3C, 0x75, 0x70, 0x6F, 0x69, 0x6E, 0x74, 0x6C, 0x69, 0x6D, 0x3E, 0x3C, 0x75,
    0x70, 0x73, 0x69, 0x6C, 0x6F, 0x6E, 0x3E, 0x3C, 0x75, 0x70, 0x75, 0x70, 0x61, 0x72, 0x72, 0x6F,
    0x77, 0x73, 0x3E, 0x3C, 0x75, 0x72, 0x61, 0x6E, 0x75, 0x73, 0x3E, 0x3C, 0x75, 0x72, 0x63, 0x6F,
    0x72, 0x6E, 0x65, 0x72, 0x3E, 0x3C, 0x76, 0x44, 0x61, 0x73, 0x68, 0x3E, 0x3C, 0x76, 0x61, 0x72,
    0x4F, 0x6D, 0x65, 0x67, 0x61, 0x3E, 0x3C, 0x76, 0x61, 0x72, 0x61, 0x6E, 0x67, 0x6C, 0x65, 0x3E,
    0x3C, 0x76, 0x61, 0x72, 0x62, 0x69, 0x67, 0x63, 0x69, 0x72, 0x63, 0x3E, 0x3C, 0x76, 0x61, 0x72,
    0x65, 0x70, 0x73, 0x69, 0x6C, 0x6F, 0x6E, 0x3E, 0x3C, 0x76, 0x61, 0x72, 0x6B, 0x61, 0x70, 0x70,
    0x61, 0x3E, 0x3C, 0x76, 0x61, 0x72, 0x6C, 0x69, 0x67, 0x68, 0x74, 0x6E, 0x69, 0x6E, 0x67, 0x3E,
    0x3C, 0x76, 0x61, 0x72, 0x6E, 0x6F, 0x74, 0x68, 0x69, 0x6E, 0x67, 0x3E, 0x3C, 0x76, 0x61, 0x72,
    0x6F, 0x61, 0x73, 0x74, 0x3E, 0x3C, 0x76, 0x61, 0x72, 0x6F, 0x62, 0x61, 0x72, 0x3E, 0x3C, 0x76,
    0x61, 0x72, 0x6F, 0x62, 0x73, 0x6C, 0x61, 0x73, 0x68, 0x3E, 0x3C, 0x76, 0x61, 0x72, 0x6F, 0x63,
    0x69, 0x72, 0x63, 0x6C, 0x65, 0x3E, 0x3C, 0x76, 0x61, 0x72, 0x6F, 0x64, 0x6F, 0x74, 0x3E, 0x3C,
    0x76, 0x61, 0x72, 0x6F, 0x6D, 0x69, 0x6E, 0x75, 0x73, 0x3E, 0x3C, 0x76, 0x61, 0x72, 0x6F, 0x70,
    0x6C, 0x75, 0x73, 0x3E, 0x3C, 0x76, 0x61, 0x72, 0x6F, 0x73, 0x6C, 0x61, 0x73, 0x68, 0x3E, 0x3C,
    0x76, 0x61, 0x72, 0x6F, 0x74, 0x69, 0x6D, 0x65, 0x73, 0x3E, 0x3C, 0x76, 0x61, 0x72, 0x70, 0x68,
    0x69, 0x3E, 0x3C, 0x76, 0x61, 0x72, 0x70, 0x69, 0x3E, 0x3C, 0x76, 0x61, 0x72, 0x72, 0x68, 0x6F,
    0x3E, 0x3C, 0x76, 0x61, 0x72, 0x73, 0x69, 0x67, 0x6D, 0x61, 0x3E, 0x3C, 0x76, 0x61, 0x72, 0x73,
    0x70, 0x61, 0x63, 0x65, 0x3E, 0x3C, 0x76, 0x61, 0x72, 0x73, 0x75, 0x63, 0x68, 0x74, 0x68, 0x61,
    0x74, 0x3E, 0x3C, 0x76, 0x61, 0x72, 0x74, 0x68, 0x65, 0x74, 0x61, 0x3E, 0x3C, 0x76, 0x61, 0x72,
    0x74, 0x72, 0x69, 0x61, 0x6E, 0x67, 0x6C, 0x65, 0x3E, 0x3C, 0x76, 0x61, 0x72, 0x74, 0x72, 0x69,
    0x61, 0x6E, 0x67, 0x6C, 0x65, 0x6C, 0x65, 0x66, 0x74, 0x3E, 0x3C, 0x76, 0x61, 0x72, 0x74, 0x72,
    0x69, 0x61, 0x6E, 0x67, 0x6C, 0x65, 0x72, 0x69, 0x67, 0x68, 0x74, 0x3E, 0x3C, 0x76, 0x64, 0x61,
    0x73, 0x68, 0x3E, 0x3C, 0x76, 0x64, 0x6F, 0x74, 0x73, 0x3E, 0x3C, 0x76, 0x65, 0x65, 0x3E, 0x3C,
    0x76, 0x65, 0x65, 0x62, 0x61, 0x72, 0x3E, 0x3C, 0x76, 0x65, 0x6E, 0x75, 0x73, 0x3E, 0x3C, 0x76,
    0x69, 0x72, 0x67, 0x6F, 0x3E, 0x3C, 0x77, 0x61, 0x73, 0x79, 0x2D, 0x33, 0x38, 0x3E, 0x3C, 0x77,
    0x61, 0x73, 0x79, 0x42, 0x6F, 0x78, 0x3E, 0x3C, 0x77, 0x61, 0x73, 0x79, 0x44, 0x69, 0x61, 0x6D,
    0x6F, 0x6E, 0x64, 0x3E, 0x3C, 0x77, 0x61, 0x73, 0x79, 0x6C, 0x68, 0x64, 0x3E, 0x3C, 0x77, 0x61,
    0x73, 0x79, 0x72, 0x68, 0x64, 0x3E, 0x3C, 0x77, 0x61, 0x73, 0x79, 0x73, 0x71, 0x73, 0x75, 0x62,
    0x73, 0x65, 0x74, 0x3E, 0x3C, 0x77, 0x61, 0x73, 0x79, 0x73, 0x71, 0x73, 0x75, 0x70, 0x73, 0x65,
    0x74, 0x3E, 0x3C, 0x77, 0x61, 0x73, 0x79, 0x74, 0x68, 0x65, 0x72, 0x65, 0x66, 0x6F, 0x72, 0x65,
    0x3E, 0x3C, 0x77, 0x61, 0x73, 0x79, 0x75, 0x6E, 0x6C, 0x68, 0x64, 0x3E, 0x3C, 0x77, 0x61, 0x73,
    0x79, 0x75, 0x6E, 0x72, 0x68, 0x64, 0x3E, 0x3C, 0x77, 0x65, 0x64, 0x67, 0x65, 0x3E, 0x3C, 0x77,
    0x70, 0x3E, 0x3C, 0x77, 0x72, 0x3E, 0x3C, 0x78, 0x69, 0x3E, 0x3C, 0x79, 0x65, 0x6E, 0x3E, 0x3C,
    0x7A, 0x65, 0x74, 0x61, 0x3E, 0x3C, 0x7C, 0x7C, 0x3E,
};
static const cork_slice cork_to_utf8_entity_values[1187] = {
    {0, 3}, {3, 3}, {6, 2}, {8, 2},
    {10, 3}, {13, 3}, {16, 3}, {19, 3},
    {22, 3}, {25, 3}, {28, 2}, {30, 4},
    {34, 2}, {36, 3}, {39, 3}, {42, 3},
    {45, 3}, {48, 3}, {51, 3}, {54, 2},
    {56, 3}, {59, 3}, {62, 3}, {65, 2},
    {67, 3}, {70, 2}, {72, 2}, {74, 2},
    {76, 3}, {79, 2}, {81, 2}, {83, 3},
    {86, 3}, {89, 3}, {92, 2}, {94, 3},
    {97, 3}, {100, 3}, {103, 3}, {106, 3},
    {109, 3}, {112, 3}, {115, 3}, {118, 3},
    {121, 3}, {124, 3}, {127, 3}, {130, 3},
    {133, 3}, {136, 3}, {139, 3}, {142, 2},
    {144, 2}, {146, 2}, {148, 2}, {150, 2},
    {152, 2}, {154, 2}, {156, 2}, {158, 2},
    {160, 3}, {163, 3}, {166, 3}, {169, 3},
    {172, 2}, {174, 3}, {177, 3}, {180, 3},
    {183, 3}, {186, 2}, {188, 3}, {191, 3},
    {194, 3}, {197, 2}, {199, 2}, {201, 2},
    {203, 3}, {206, 3}, {209, 3}, {212, 2},
    {214, 3}, {217, 3}, {220, 3}, {223, 2},
    {225, 2}, {227, 3}, {230, 2}, {232, 2},
    {234, 2}, {236, 2}, {238, 3}, {241, 3},
    {244, 2}, {246, 3}, {249, 3}, {252, 3},
    {255, 3}, {258, 3}, {261, 3}, {264, 3},
    {267, 3}, {270, 3}, {273, 3}, {276, 3},
    {279, 3}, {282, 4}, {286, 4}, {290, 4},
    {294, 4}, {298, 4}, {302, 4}, {306, 4},
    {310, 4}, {314, 4}, {318, 4}, {322, 4},
    {326, 4}, {330, 4}, {334, 4}, {338, 4},
    {342, 4}, {346, 4}, {350, 4}, {354, 4},
    {358, 4}, {362, 4}, {366, 4}, {370, 4},
    {374, 4}, {378, 4}, {382, 4}, {386, 4},
    {390, 4}, {394, 4}, {398, 4}, {402, 4},
    {406, 4}, {410, 4}, {414, 3}, {417, 4},
    {421, 4}, {425, 4}, {429, 4}, {433, 4},
    {437, 4}, {441, 4}, {445, 4}, {449, 4},
    {453, 4}, {457, 4}, {461, 4}, {465, 4},
    {469, 4}, {473, 4}, {477, 4}, {481, 4},
    {485, 4}, {489, 4}, {493, 4}, {497, 4},
    {501, 4}, {505, 4}, {509, 4}, {513, 4},
    {517, 4}, {521, 4}, {525, 4}, {529, 4},
    {533, 4}, {537, 2}, {539, 4}, {543, 4},
    {547, 4}, {551, 4}, {555, 4}, {559, 4},
    {563, 4}, {567, 4}, {571, 4}, {575, 4},
    {579, 4}, {583, 4}, {587, 4}, {591, 4},
    {595, 4}, {599, 4}, {603, 4}, {607, 4},
    {611, 4}, {615, 4}, {619, 4}, {623, 4},
    {627, 4}, {631, 4}, {635, 4}, {639, 4},
    {643, 4}, {647, 4}, {651, 4}, {655, 4},
    {659, 4}, {663, 4}, {667, 4}, {671, 4},
    {675, 4}, {679, 4}, {683, 4}, {687, 4},
    {691, 4}, {695, 4}, {699, 4}, {703, 4},
    {707, 4}, {711, 4}, {715, 4}, {719, 4},
    {723, 4}, {727, 4}, {731, 4}, {735, 4},
    {739, 4}, {743, 4}, {747, 4}, {751, 4},
    {755, 4}, {759, 4}, {763, 4}, {767, 4},
    {771, 3}, {774, 4}, {778, 4}, {782, 4},
    {786, 4}, {790, 4}, {794, 4}, {798, 4},
    {802, 4}, {806, 4}, {810, 4}, {814, 4},
    {818, 4}, {822, 4}, {826, 4}, {830, 4},
    {834, 4}, {838, 4}, {842, 4}, {846, 4},
    {850, 4}, {854, 4}, {858, 4}, {862, 4},
    {866, 4}, {870, 4}, {874, 4}, {878, 4},
    {882, 4}, {886, 4}, {890, 4}, {894, 4},
    {898, 4}, {902, 4}, {906, 4}, {910, 4},
    {914, 4}, {918, 4}, {922, 4}, {926, 4},
    {930, 4}, {934, 4}, {938, 4}, {942, 4},
    {946, 4}, {950, 4}, {954, 4}, {958, 4},
    {962, 4}, {966, 4}, {970, 4}, {974, 4},
    {978, 4}, {982, 4}, {986, 4}, {990, 4},
    {994, 4}, {998, 4}, {1002, 4}, {1006, 4},
    {1010, 4}, {1014, 4}, {1018, 4}, {1022, 4},
    {1026, 4}, {1030, 4}, {1034, 4}, {1038, 4},
    {1042, 4}, {1046, 4}, {1050, 4}, {1054, 4},
    {1058, 4}, {1062, 4}, {1066, 4}, {1070, 4},
    {1074, 4}, {1078, 4}, {1082, 4}, {1086, 4},
    {1090, 4}, {1094, 4}, {1098, 4}, {1102, 4},
    {1106, 4}, {1110, 4}, {1114, 4}, {1118, 4},
    {1122, 4}, {1126, 4}, {1130, 4}, {1134, 4},
    {1138, 4}, {1142, 4}, {1146, 4}, {1150, 4},
    {1154, 4}, {1158, 4}, {1162, 4}, {1166, 4},
    {1170, 4}, {1174, 4}, {1178, 4}, {1182, 4},
    {1186, 4}, {1190, 4}, {1194, 4}, {1198, 4},
    {1202, 4}, {1206, 4}, {1210, 4}, {1214, 4},
    {1218, 4}, {1222, 4}, {1226, 4}, {1230, 4},
    {1234, 4}, {1238, 4}, {1242, 4}, {1246, 4},
    {1250, 4}, {1254, 4}, {1258, 4}, {1262, 4},
    {1266, 4}, {1270, 4}, {1274, 4}, {1278, 4},
    {1282, 4}, {1286, 4}, {1290, 4}, {1294, 4},
    {1298, 2}, {1300, 3}, {1303, 3}, {1306, 3},
    {1309, 1}, {1310, 2}, {1312, 3}, {1315, 4},
    {1319, 4}, {1323, 3}, {1326, 4}, {1330, 4},
    {1334, 4}, {1338, 4}, {1342, 3}, {1345, 4},
    {1349, 4}, {1353, 4}, {1357, 4}, {1361, 4},
    {1365, 3}, {1368, 4}, {1372, 3}, {1375, 3},
    {1378, 3}, {1381, 4}, {1385, 4}, {1389, 4},
    {1393, 4}, {1397, 4}, {1401, 4}, {1405, 4},
    {1409, 3}, {1412, 4}, {1416, 4}, {1420, 4},
    {1424, 4}, {1428, 4}, {1432, 4}, {1436, 4},
    {1440, 4}, {1444, 4}, {1448, 4}, {1452, 4},
    {1456, 4}, {1460, 4}, {1464, 4}, {1468, 4},
    {1472, 4}, {1476, 4}, {1480, 4}, {1484, 4},
    {1488, 4}, {1492, 4}, {1496, 4}, {1500, 4},
    {1504, 4}, {1508, 4}, {1512, 4}, {1516, 3},
    {1519, 2}, {1521, 3}, {1524, 3}, {1527, 3},
    {1530, 3}, {1533, 3}, {1536, 3}, {1539, 3},
    {1542, 3}, {1545, 3}, {1548, 3}, {1551, 3},
    {1554, 3}, {1557, 3}, {1560, 3}, {1563, 3},
    {1566, 3}, {1569, 3}, {1572, 3}, {1575, 3},
    {1578, 3}, {1581, 3}, {1584, 3}, {1587, 3},
    {1590, 3}, {1593, 3}, {1596, 3}, {1599, 3},
    {1602, 3}, {1605, 3}, {1608, 3}, {1611, 3},
    {1614, 3}, {1617, 3}, {1620, 3}, {1623, 3},
    {1626, 3}, {1629, 3}, {1632, 3}, {1635, 3},
    {1638, 3}, {1641, 3}, {1644, 3}, {1647, 3},
    {1650, 3}, {1653, 3}, {1656, 3}, {1659, 3},
    {1662, 3}, {1665, 3}, {1668, 3}, {1671, 3},
    {1674, 3}, {1677, 3}, {1680, 3}, {1683, 3},
    {1686, 3}, {1689, 3}, {1692, 3}, {1695, 3},
    {1698, 3}, {1701, 3}, {1704, 3}, {1707, 3},
    {1710, 3}, {1713, 3}, {1716, 3}, {1719, 3},
    {1722, 3}, {1725, 3}, {1728, 1}, {1729, 3},
    {1732, 3}, {1735, 3}, {1738, 3}, {1741, 3},
    {1744, 3}, {1747, 3}, {1750, 3}, {1753, 3},
    {1756, 3}, {1759, 3}, {1762, 3}, {1765, 3},
    {1768, 3}, {1771, 3}, {1774, 3}, {1777, 3},
    {1780, 3}, {1783, 2}, {1785, 2}, {1787, 3},
    {1790, 3}, {1793, 4}, {1797, 3}, {1800, 4},
    {1804, 4}, {1808, 3}, {1811, 3}, {1814, 4},
    {1818, 3}, {1821, 3}, {1824, 4}, {1828, 4},
    {1832, 3}, {1835, 3}, {1838, 4}, {1842, 4},
    {1846, 4}, {1850, 4}, {1854, 3}, {1857, 4},
    {1861, 4}, {1865, 4}, {1869, 4}, {1873, 4},
    {1877, 4}, {1881, 4}, {1885, 4}, {1889, 4},
    {1893, 4}, {1897, 4}, {1901, 4}, {1905, 3},
    {1908, 4}, {1912, 3}, {1915, 4}, {1919, 4},
    {1923, 4}, {1927, 4}, {1931, 4}, {1935, 4},
    {1939, 4}, {1943, 3}, {1946, 4}, {1950, 4},
    {1954, 4}, {1958, 4}, {1962, 4}, {1966, 4},
    {1970, 4}, {1974, 4}, {1978, 4}, {1982, 4},
    {1986, 4}, {1990, 3}, {1993, 3}, {1996, 3},
    {1999, 3}, {2002, 3}, {2005, 3}, {2008, 2},
    {2010, 2}, {2012, 2}, {2014, 2}, {2016, 3},
    {2019, 2}, {2021, 3}, {2024, 3}, {2027, 3},
    {2030, 3}, {2033, 2}, {2035, 3}, {2038, 3},
    {2041, 3}, {2044, 3}, {2047, 3}, {2050, 1},
    {2051, 3}, {2054, 3}, {2057, 3}, {2060, 2},
    {2062, 3}, {2065, 3}, {2068, 3}, {2071, 3},
    {2074, 3}, {2077, 2}, {2079, 3}, {2082, 3},
    {2085, 3}, {2088, 3}, {2091, 3}, {2094, 3},
    {2097, 3}, {2100, 3}, {2103, 2}, {2105, 3},
    {2108, 2}, {2110, 2}, {2112, 3}, {2115, 2},
    {2117, 3}, {2120, 3}, {2123, 3}, {2126, 2},
    {2128, 2}, {2130, 3}, {2133, 2}, {2135, 3},
    {2138, 3}, {2141, 3}, {2144, 3}, {2147, 3},
    {2150, 3}, {2153, 3}, {2156, 3}, {2159, 3},
    {2162, 3}, {2165, 3}, {2168, 3}, {2171, 2},
    {2173, 3}, {2176, 3}, {2179, 3}, {2182, 3},
    {2185, 1}, {2186, 3}, {2189, 2}, {2191, 3},
    {2194, 3}, {2197, 3}, {2200, 3}, {2203, 3},
    {2206, 2}, {2208, 2}, {2210, 3}, {2213, 4},
    {2217, 4}, {2221, 3}, {2224, 4}, {2228, 4},
    {2232, 4}, {2236, 4}, {2240, 3}, {2243, 3},
    {2246, 4}, {2250, 4}, {2254, 4}, {2258, 4},
    {2262, 4}, {2266, 4}, {2270, 4}, {2274, 4},
    {2278, 3}, {2281, 4}, {2285, 4}, {2289, 4},
    {2293, 4}, {2297, 4}, {2301, 4}, {2305, 4},
    {2309, 3}, {2312, 4}, {2316, 4}, {2320, 4},
    {2324, 4}, {2328, 4}, {2332, 4}, {2336, 4},
    {2340, 4}, {2344, 4}, {2348, 4}, {2352, 4},
    {2356, 4}, {2360, 4}, {2364, 4}, {2368, 4},
    {2372, 4}, {2376, 4}, {2380, 4}, {2384, 4},
    {2388, 4}, {2392, 4}, {2396, 4}, {2400, 4},
    {2404, 4}, {2408, 4}, {2412, 4}, {2416, 3},
    {2419, 3}, {2422, 3}, {2425, 4}, {2429, 2},
    {2431, 3}, {2434, 3}, {2437, 3}, {2440, 3},
    {2443, 3}, {2446, 3}, {2449, 3}, {2452, 3},
    {2455, 3}, {2458, 3}, {2461, 3}, {2464, 3},
    {2467, 1}, {2468, 1}, {2469, 3}, {2472, 3},
    {2475, 3}, {2478, 3}, {2481, 3}, {2484, 3},
    {2487, 2}, {2489, 2}, {2491, 4}, {2495, 3},
    {2498, 3}, {2501, 3}, {2504, 3}, {2507, 3},
    {2510, 2}, {2512, 2}, {2514, 3}, {2517, 3},
    {2520, 3}, {2523, 3}, {2526, 3}, {2529, 3},
    {2532, 2}, {2534, 3}, {2537, 3}, {2540, 3},
    {2543, 3}, {2546, 3}, {2549, 3}, {2552, 2},
    {2554, 3}, {2557, 2}, {2559, 3}, {2562, 3},
    {2565, 2}, {2567, 3}, {2570, 2}, {2572, 3},
    {2575, 1}, {2576, 1}, {2577, 1}, {2578, 1},
    {2579, 1}, {2580, 1}, {2581, 1}, {2582, 1},
    {2583, 1}, {2584, 3}, {2587, 3}, {2590, 3},
    {2593, 3}, {2596, 3}, {2599, 3}, {2602, 1},
    {2603, 3}, {2606, 3}, {2609, 3}, {2612, 3},
    {2615, 1}, {2616, 1}, {2617, 3}, {2620, 3},
    {2623, 3}, {2626, 3}, {2629, 3}, {2632, 3},
    {2635, 3}, {2638, 3}, {2641, 3}, {2644, 3},
    {2647, 1}, {2648, 1}, {2649, 3}, {2652, 1},
    {2653, 1}, {2654, 1}, {2655, 1}, {2656, 3},
    {2659, 3}, {2662, 1}, {2663, 1}, {2664, 3},
    {2667, 3}, {2670, 3}, {2673, 3}, {2676, 3},
    {2679, 3}, {2682, 3}, {2685, 3}, {2688, 3},
    {2691, 3}, {2694, 3}, {2697, 3}, {2700, 3},
    {2703, 3}, {2706, 3}, {2709, 3}, {2712, 3},
    {2715, 3}, {2718, 3}, {2721, 3}, {2724, 3},
    {2727, 3}, {2730, 3}, {2733, 3}, {2736, 3},
    {2739, 1}, {2740, 3}, {2743, 3}, {2746, 3},
    {2749, 3}, {2752, 3}, {2755, 3}, {2758, 3},
    {2761, 3}, {2764, 3}, {2767, 3}, {2770, 3},
    {2773, 3}, {2776, 3}, {2779, 3}, {2782, 3},
    {2785, 3}, {2788, 3}, {2791, 3}, {2794, 3},
    {2797, 3}, {2800, 3}, {2803, 3}, {2806, 3},
    {2809, 3}, {2812, 3}, {2815, 3}, {2818, 3},
    {2821, 3}, {2824, 3}, {2827, 3}, {2830, 3},
    {2833, 3}, {2836, 3}, {2839, 3}, {2842, 3},
    {2845, 3}, {2848, 3}, {2851, 3}, {2854, 3},
    {2857, 3}, {2860, 3}, {2863, 3}, {2866, 1},
    {2867, 3}, {2870, 3}, {2873, 3}, {2876, 3},
    {2879, 3}, {2882, 3}, {2885, 2}, {2887, 1},
    {2888, 2}, {2890, 2}, {2892, 1}, {2893, 1},
    {2894, 1}, {2895, 2}, {2897, 1}, {2898, 1},
    {2899, 2}, {2901, 3}, {2904, 2}, {2906, 3},
    {2909, 3}, {2912, 3}, {2915, 3}, {2918, 3},
    {2921, 3}, {2924, 3}, {2927, 3}, {2930, 2},
    {2932, 3}, {2935, 3}, {2938, 3}, {2941, 3},
    {2944, 3}, {2947, 3}, {2950, 3}, {2953, 3},
    {2956, 3}, {2959, 3}, {2962, 3}, {2965, 3},
    {2968, 3}, {2971, 2}, {2973, 3}, {2976, 3},
    {2979, 3}, {2982, 3}, {2985, 3}, {2988, 3},
    {2991, 3}, {2994, 3}, {2997, 3}, {3000, 3},
    {3003, 3}, {3006, 3}, {3009, 3}, {3012, 3},
    {3015, 3}, {3018, 3}, {3021, 3}, {3024, 3},
    {3027, 3}, {3030, 3}, {3033, 3}, {3036, 3},
    {3039, 3}, {3042, 3}, {3045, 3}, {3048, 3},
    {3051, 3}, {3054, 3}, {3057, 3}, {3060, 3},
    {3063, 3}, {3066, 3}, {3069, 3}, {3072, 3},
    {3075, 3}, {3078, 3}, {3081, 3}, {3084, 3},
    {3087, 3}, {3090, 3}, {3093, 3}, {3096, 3},
    {3099, 3}, {3102, 2}, {3104, 3}, {3107, 3},
    {3110, 3}, {3113, 2}, {3115, 3}, {3118, 3},
    {3121, 2}, {3123, 1}, {3124, 3}, {3127, 3},
    {3130, 3}, {3133, 3}, {3136, 3}, {3139, 3},
    {3142, 2}, {3144, 2}, {3146, 3}, {3149, 2},
    {3151, 2}, {3153, 2}, {3155, 3}, {3158, 3},
    {3161, 3}, {3164, 2}, {3166, 3}, {3169, 3},
    {3172, 2}, {3174, 3}, {3177, 3}, {3180, 3},
    {3183, 3}, {3186, 2}, {3188, 3}, {3191, 2},
    {3193, 3}, {3196, 3}, {3199, 3}, {3202, 3},
    {3205, 3}, {3208, 2}, {3210, 3}, {3213, 3},
    {3216, 3}, {3219, 3}, {3222, 3}, {3225, 3},
    {3228, 3}, {3231, 3}, {3234, 3}, {3237, 3},
    {3240, 3}, {3243, 2}, {3245, 3}, {3248, 3},
    {3251, 3}, {3254, 3}, {3257, 3}, {3260, 3},
    {3263, 3}, {3266, 2}, {3268, 3}, {3271, 3},
    {3274, 3}, {3277, 3}, {3280, 3}, {3283, 3},
    {3286, 3}, {3289, 3}, {3292, 3}, {3295, 3},
    {3298, 3}, {3301, 3}, {3304, 3}, {3307, 3},
    {3310, 3}, {3313, 3}, {3316, 3}, {3319, 3},
    {3322, 3}, {3325, 1}, {3326, 3}, {3329, 3},
    {3332, 3}, {3335, 3}, {3338, 3}, {3341, 3},
    {3344, 3}, {3347, 3}, {3350, 2}, {3352, 3},
    {3355, 3}, {3358, 3}, {3361, 3}, {3364, 3},
    {3367, 3}, {3370, 3}, {3373, 3}, {3376, 3},
    {3379, 3}, {3382, 3}, {3385, 3}, {3388, 3},
    {3391, 3}, {3394, 3}, {3397, 3}, {3400, 2},
    {3402, 3}, {3405, 3}, {3408, 3}, {3411, 3},
    {3414, 3}, {3417, 3}, {3420, 3}, {3423, 3},
    {3426, 3}, {3429, 3}, {3432, 3}, {3435, 3},
    {3438, 3}, {3441, 1}, {3442, 3}, {3445, 3},
    {3448, 3}, {3451, 3}, {3454, 3}, {3457, 3},
    {3460, 3}, {3463, 3}, {3466, 2}, {3468, 3},
    {3471, 2}, {3473, 3}, {3476, 3}, {3479, 2},
    {3481, 2}, {3483, 2}, {3485, 2}, {3487, 2},
    {3489, 3}, {3492, 3}, {3495, 3}, {3498, 3},
    {3501, 3}, {3504, 3}, {3507, 3}, {3510, 3},
    {3513, 3}, {3516, 3}, {3519, 3}, {3522, 3},
    {3525, 3}, {3528, 2}, {3530, 3}, {3533, 3},
    {3536, 3}, {3539, 3}, {3542, 3}, {3545, 3},
    {3548, 3}, {3551, 3}, {3554, 3}, {3557, 3},
    {3560, 3}, {3563, 3}, {3566, 3}, {3569, 3},
    {3572, 3}, {3575, 3}, {3578, 3}, {3581, 3},
    {3584, 1}, {3585, 3}, {3588, 2}, {3590, 3},
    {3593, 3}, {3596, 3}, {3599, 3}, {3602, 3},
    {3605, 3}, {3608, 2}, {3610, 3}, {3613, 3},
    {3616, 3}, {3619, 3}, {3622, 4}, {3626, 3},
    {3629, 3}, {3632, 2}, {3634, 2}, {3636, 3},
    {3639, 3}, {3642, 3}, {3645, 3}, {3648, 3},
    {3651, 3}, {3654, 3}, {3657, 3}, {3660, 3},
    {3663, 3}, {3666, 3}, {3669, 2}, {3671, 2},
    {3673, 2}, {3675, 2}, {3677, 2}, {3679, 1},
    {3680, 2}, {3682, 3}, {3685, 3}, {3688, 3},
    {3691, 3}, {3694, 3}, {3697, 3}, {3700, 3},
    {3703, 3}, {3706, 3}, {3709, 3}, {3712, 3},
    {3715, 3}, {3718, 3}, {3721, 3}, {3724, 3},
    {3727, 3}, {3730, 3}, {3733, 3}, {3736, 3},
    {3739, 3}, {3742, 3}, {3745, 3}, {3748, 2},
    {3750, 2}, {3752, 2}, {3754, 3},
};
static const unsigned char cork_to_utf8_entity_value_pool[3757] = {
    0xE2, 0x80, 0x94, 0xE2, 0x80, 0x93, 0xC3, 0x85, 0xC3, 0x86, 0xE2, 0x8E, 0x95, 0xE2, 0x8D, 0x97,
    0xE2, 0x8D, 0x9E, 0xE2, 0x8D, 0x87, 0xE2, 0x8D, 0x88, 0xE2, 0x8D, 0x90, 0xCE, 0x91, 0xF0, 0x9D,
    0x95, 0x9C, 0xCE, 0x92, 0xE2, 0xA8, 0x9D, 0xE2, 0x96, 0xA1, 0xE2, 0x89, 0x8E, 0xE2, 0x97, 0x8F,
    0xE2, 0x8B, 0x92, 0xE2, 0x98, 0x92, 0xCE, 0xA7, 0xE2, 0x97, 0x8B, 0xE2, 0x8B, 0x93, 0xE2, 0x96,
    0xBE, 0xCE, 0x94, 0xE2, 0x87, 0x93, 0xCE, 0x95, 0xCE, 0x97, 0xCE, 0x93, 0xE2, 0x84, 0x91, 0xCE,
    0x99, 0xCE, 0x9A, 0xE2, 0x97, 0x96, 0xE2, 0x97, 0x82, 0xE2, 0x97, 0x90, 0xCE, 0x9B, 0xE2, 0x87,
    0x90, 0xE2, 0x87, 0x90, 0xE2, 0x87, 0x94, 0xE2, 0x87, 0x94, 0xE2, 0x87, 0x9A, 0xE2, 0x87, 0x93,
    0xE2, 0x9F, 0xB8, 0xE2, 0x9F, 0xB8, 0xE2, 0x9F, 0xBA, 0xE2, 0x9F, 0xBA, 0xE2, 0x9F, 0xB9, 0xE2,
    0x9F, 0xB9, 0xE2, 0x87, 0x91, 0xE2, 0x87, 0x95, 0xE2, 0x86, 0xB0, 0xE2, 0x84, 0xA7, 0xCE, 0x9C,
    0xCE, 0x9D, 0xC3, 0x98, 0xC5, 0x92, 0xCE, 0xA9, 0xCE, 0x9F, 0xCE, 0xA6, 0xCE, 0xA0, 0xCE, 0xA8,
    0xE2, 0x97, 0x97, 0xE2, 0x96, 0xB8, 0xE2, 0x97, 0x91, 0xE2, 0x84, 0x9C, 0xCE, 0xA1, 0xE2, 0x87,
    0x92, 0xE2, 0x87, 0x92, 0xE2, 0x87, 0x9B, 0xE2, 0x86, 0xB1, 0xCE, 0xA3, 0xE2, 0x96, 0xA1, 0xE2,
    0x8B, 0x90, 0xE2, 0x8B, 0x91, 0xCE, 0xA4, 0xCE, 0x98, 0xC3, 0x9E, 0xE2, 0x96, 0xB4, 0xE2, 0x87,
    0x91, 0xE2, 0x87, 0x95, 0xCE, 0xA5, 0xE2, 0x8A, 0xA9, 0xE2, 0x8A, 0xAA, 0xE2, 0x98, 0x91, 0xCE,
    0x9E, 0xCE, 0x96, 0xE2, 0x80, 0x9C, 0xC3, 0xA5, 0xCB, 0x9A, 0xC2, 0xB4, 0xC3, 0xA6, 0xE2, 0x84,
    0xA7, 0xE2, 0x84, 0xB5, 0xCE, 0xB1, 0xE2, 0xA8, 0xBF, 0xE2, 0x88, 0xA0, 0xE2, 0x89, 0x88, 0xE2,
    0x89, 0x8A, 0xE2, 0x99, 0x92, 0xE2, 0x99, 0x88, 0xE2, 0x98, 0x8A, 0xE2, 0x89, 0x94, 0xE2, 0x88,
    0x97, 0xE2, 0x88, 0x97, 0xE2, 0x98, 0x89, 0xE2, 0x89, 0x8D, 0xF0, 0x9D, 0x9F, 0x8E, 0xF0, 0x9D,
    0x9F, 0x8F, 0xF0, 0x9D, 0x9F, 0x90, 0xF0, 0x9D, 0x9F, 0x91, 0xF0, 0x9D, 0x9F, 0x92, 0xF0, 0x9D,
    0x9F, 0x93, 0xF0, 0x9D, 0x9F, 0x94, 0xF0, 0x9D, 0x9F, 0x95, 0xF0, 0x9D, 0x9F, 0x96, 0xF0, 0x9D,
    0x9F, 0x97, 0xF0, 0x9D, 0x91, 0xA8, 0xF0, 0x9D, 0x9A, 0xA8, 0xF0, 0x9D, 0x91, 0xA9, 0xF0, 0x9D,
    0x9A, 0xA9, 0xF0, 0x9D, 0x91, 0xAA, 0xF0, 0x9D, 0x9A, 0xBE, 0xF0, 0x9D, 0x91, 0xAB, 0xF0, 0x9D,
    0x9A, 0xAB, 0xF0, 0x9D, 0x91, 0xAC, 0xF0, 0x9D, 0x9A, 0xAC, 0xF0, 0x9D, 0x9A, 0xAE, 0xF0, 0x9D,
    0x91, 0xAD, 0xF0, 0x9D, 0x91, 0xAE, 0xF0, 0x9D, 0x9A, 0xAA, 0xF0, 0x9D, 0x91, 0xAF, 0xF0, 0x9D,
    0x91, 0xB0, 0xF0, 0x9D, 0x9A, 0xB0, 0xF0, 0x9D, 0x91, 0xB1, 0xF0, 0x9D, 0x91, 0xB2, 0xF0, 0x9D,
    0x9A, 0xB1, 0xF0, 0x9D, 0x91, 0xB3, 0xF0, 0x9D, 0x9A, 0xB2, 0xF0, 0x9D, 0x91, 0xB4, 0xE2, 0x84,
    0xA7, 0xF0, 0x9D, 0x9A, 0xB3, 0xF0, 0x9D, 0x91, 0xB5, 0xF0, 0x9D, 0x9A, 0xB4, 0xF0, 0x9D, 0x91,
    0xB6, 0xF0, 0x9D, 0x9B, 0x80, 0xF0, 0x9D, 0x9A, 0xB6, 0xF0, 0x9D, 0x91, 0xB7, 0xF0, 0x9D, 0x9A,
    0xBD, 0xF0, 0x9D, 0x9A, 0xB7, 0xF0, 0x9D, 0x9A, 0xBF, 0xF0, 0x9D, 0x91, 0xB8, 0xF0, 0x9D, 0x91,
    0xB9, 0xF0, 0x9D, 0x9A, 0xB8, 0xF0, 0x9D, 0x91, 0xBA, 0xF0, 0x9D, 0x9A, 0xBA, 0xF0, 0x9D, 0x91,
    0xBB, 0xF0, 0x9D, 0x9A, 0xBB, 0xF0, 0x9D, 0x9A, 0xAF, 0xF0, 0x9D, 0x91, 0xBC, 0xF0, 0x9D, 0x9A,
    0xBC, 0xF0, 0x9D, 0x91, 0xBD, 0xF0, 0x9D, 0x91, 0xBE, 0xF0, 0x9D, 0x91, 0xBF, 0xF0, 0x9D, 0x9A,
    0xB5, 0xF0, 0x9D, 0x92, 0x80, 0xF0, 0x9D, 0x92, 0x81, 0xF0, 0x9D, 0x9A, 0xAD, 0xF0, 0x9D, 0x92,
    0x82, 0xF0, 0x9D, 0x9C, 0xB6, 0xF0, 0x9D, 0x92, 0x83, 0xCF, 0xB6, 0xF0, 0x9D, 0x9C, 0xB7, 0xF0,
    0x9D, 0x92, 0x84, 0xF0, 0x9D, 0x93, 0x90, 0xF0, 0x9D, 0x93, 0x91, 0xF0, 0x9D, 0x93, 0x92, 0xF0,
    0x9D, 0x93, 0x93, 0xF0, 0x9D, 0x93, 0x94, 0xF0, 0x9D, 0x93, 0x95, 0xF0, 0x9D, 0x93, 0x96, 0xF0,
    0x9D, 0x93, 0x97, 0xF0, 0x9D, 0x93, 0x98, 0xF0, 0x9D, 0x93, 0x99, 0xF0, 0x9D, 0x93, 0x9A, 0xF0,
    0x9D, 0x93, 0x9B, 0xF0, 0x9D, 0x93, 0x9C, 0xF0, 0x9D, 0x93, 0x9D, 0xF0, 0x9D, 0x93, 0x9E, 0xF0,
    0x9D, 0x93, 0x9F, 0xF0, 0x9D, 0x93, 0xA0, 0xF0, 0x9D, 0x93, 0xA1, 0xF0, 0x9D, 0x93, 0xA2, 0xF0,
    0x9D, 0x93, 0xA3, 0xF0, 0x9D, 0x93, 0xA4, 0xF0, 0x9D, 0x93, 0xA5, 0xF0, 0x9D, 0x93, 0xA6, 0xF0,
    0x9D, 0x93, 0xA7, 0xF0, 0x9D, 0x93, 0xA8, 0xF0, 0x9D, 0x93, 0xA9, 0xF0, 0x9D, 0x93, 0xAA, 0xF0,
    0x9D, 0x93, 0xAB, 0xF0, 0x9D, 0x93, 0xAC, 0xF0, 0x9D, 0x93, 0xAD, 0xF0, 0x9D, 0x93, 0xAE, 0xF0,
    0x9D, 0x93, 0xAF, 0xF0, 0x9D, 0x93, 0xB0, 0xF0, 0x9D, 0x93, 0xB1, 0xF0, 0x9D, 0x93, 0xB2, 0xF0,
    0x9D, 0x93, 0xB3, 0xF0, 0x9D, 0x93, 0xB4, 0xF0, 0x9D, 0x93, 0xB5, 0xF0, 0x9D, 0x93, 0xB6, 0xF0,
    0x9D, 0x93, 0xB7, 0xF0, 0x9D, 0x93, 0xB8, 0xF0, 0x9D, 0x93, 0xB9, 0xF0, 0x9D, 0x93, 0xBA, 0xF0,
    0x9D, 0x93, 0xBB, 0xF0, 0x9D, 0x93, 0xBC, 0xF0, 0x9D, 0x93, 0xBD, 0xF0, 0x9D, 0x93, 0xBE, 0xF0,
    0x9D, 0x93, 0xBF, 0xF0, 0x9D, 0x94, 0x80, 0xF0, 0x9D, 0x94, 0x81, 0xF0, 0x9D, 0x94, 0x82, 0xF0,
    0x9D, 0x94, 0x83, 0xF0, 0x9D, 0x9D, 0x8C, 0xF0, 0x9D, 0x92, 0x85, 0xF0, 0x9D, 0x9C, 0xB9, 0xF0,
    0x9D, 0x92, 0x86, 0xE2, 0x84, 0x93, 0xF0, 0x9D, 0x9D, 0x90, 0xF0, 0x9D, 0x9C, 0xBC, 0xF0, 0x9D,
    0x92, 0x87, 0xF0, 0x9D, 0x92, 0x88, 0xF0, 0x9D, 0x9C, 0xB8, 0xF0, 0x9D, 0x92, 0x89, 0xF0, 0x9D,
    0x92, 0x8A, 0xF0, 0x9D, 0x9C, 0xBE, 0xF0, 0x9D, 0x92, 0x8B, 0xF0, 0x9D, 0x92, 0x8C, 0xF0, 0x9D,
    0x9C, 0xBF, 0xF0, 0x9D, 0x92, 0x8D, 0xF0, 0x9D, 0x9D, 0x80, 0xF0, 0x9D, 0x92, 0x8E, 0xF0, 0x9D,
    0x9D, 0x81, 0xF0, 0x9D, 0x92, 0x8F, 0xF0, 0x9D, 0x9D, 0x82, 0xF0, 0x9D, 0x92, 0x90, 0xF0, 0x9D,
    0x9D, 0x8E, 0xF0, 0x9D, 0x9D, 0x84, 0xF0, 0x9D, 0x92, 0x91, 0xF0, 0x9D, 0x9D, 0x93, 0xF0, 0x9D,
    0x9D, 0x85, 0xF0, 0x9D, 0x9D, 0x8D, 0xF0, 0x9D, 0x92, 0x92, 0xF0, 0x9D, 0x92, 0x93, 0xF0, 0x9D,
    0x9D, 0x86, 0xF0, 0x9D, 0x92, 0x94, 0xF0, 0x9D, 0x9D, 0x88, 0xF0, 0x9D, 0x92, 0x95, 0xF0, 0x9D,
    0x9D, 0x89, 0xF0, 0x9D, 0x9C, 0xBD, 0xF0, 0x9D, 0x92, 0x96, 0xF0, 0x9D, 0x90, 0x80, 0xF0, 0x9D,
    0x90, 0x81, 0xF0, 0x9D, 0x90, 0x82, 0xF0, 0x9D, 0x90, 0x83, 0xF0, 0x9D, 0x90, 0x84, 0xF0, 0x9D,
    0x90, 0x85, 0xF0, 0x9D, 0x90, 0x86, 0xF0, 0x9D, 0x90, 0x87, 0xF0, 0x9D, 0x90, 0x88, 0xF0, 0x9D,
    0x90, 0x89, 0xF0, 0x9D, 0x90, 0x8A, 0xF0, 0x9D, 0x90, 0x8B, 0xF0, 0x9D, 0x90, 0x8C, 0xF0, 0x9D,
    0x90, 0x8D, 0xF0, 0x9D, 0x90, 0x8E, 0xF0, 0x9D, 0x90, 0x8F, 0xF0, 0x9D, 0x90, 0x90, 0xF0, 0x9D,
    0x90, 0x91, 0xF0, 0x9D, 0x90, 0x92, 0xF0, 0x9D, 0x90, 0x93, 0xF0, 0x9D, 0x90, 0x94, 0xF0, 0x9D,
    0x90, 0x95, 0xF0, 0x9D, 0x90, 0x96, 0xF0, 0x9D, 0x90, 0x97, 0xF0, 0x9D, 0x90, 0x98, 0xF0, 0x9D,
    0x90, 0x99, 0xF0, 0x9D, 0x90, 0x9A, 0xF0, 0x9D, 0x9B, 0x82, 0xF0, 0x9D, 0x90, 0x9B, 0xF0, 0x9D,
    0x9B, 0x83, 0xF0, 0x9D, 0x90, 0x9C, 0xF0, 0x9D, 0x9B, 0x98, 0xF0, 0x9D, 0x90, 0x9D, 0xF0, 0x9D,
    0x9B, 0x85, 0xF0, 0x9D, 0x90, 0x9E, 0xF0, 0x9D, 0x9B, 0x9C, 0xF0, 0x9D, 0x9B, 0x88, 0xF0, 0x9D,
    0x90, 0x9F, 0xF0, 0x9D, 0x90, 0xA0, 0xF0, 0x9D, 0x9B, 0x84, 0xF0, 0x9D, 0x90, 0xA1, 0xF0, 0x9D,
    0x90, 0xA2, 0xF0, 0x9D, 0x9B, 0x8A, 0xF0, 0x9D, 0x90, 0xA3, 0xF0, 0x9D, 0x90, 0xA4, 0xF0, 0x9D,
    0x9B, 0x8B, 0xF0, 0x9D, 0x90, 0xA5, 0xF0, 0x9D, 0x9B, 0x8C, 0xF0, 0x9D, 0x90, 0xA6, 0xF0, 0x9D,
    0x9B, 0x8D, 0xF0, 0x9D, 0x90, 0xA7, 0xF0, 0x9D, 0x9B, 0x8E, 0xF0, 0x9D, 0x90, 0xA8, 0xF0, 0x9D,
    0x9B, 0x9A, 0xF0, 0x9D, 0x9B, 0x90, 0xF0, 0x9D, 0x90, 0xA9, 0xF0, 0x9D, 0x9B, 0x9F, 0xF0, 0x9D,
    0x9B, 0x91, 0xF0, 0x9D, 0x9B, 0x99, 0xF0, 0x9D, 0x90, 0xAA, 0xF0, 0x9D, 0x90, 0xAB, 0xF0, 0x9D,
    0x9B, 0x92, 0xF0, 0x9D, 0x90, 0xAC, 0xF0, 0x9D, 0x9B, 0x94, 0xF0, 0x9D, 0x90, 0xAD, 0xF0, 0x9D,
    0x9B, 0x95, 0xF0, 0x9D, 0x9B, 0x89, 0xF0, 0x9D, 0x90, 0xAE, 0xF0, 0x9D, 0x9B, 0x96, 0xF0, 0x9D,
    0x90, 0xAF, 0xF0, 0x9D, 0x9B, 0x86, 0xF0, 0x9D, 0x9B, 0x9E, 0xF0, 0x9D, 0x9B, 0x97, 0xF0, 0x9D,
    0x9B, 0xA1, 0xF0, 0x9D, 0x9B, 0xA0, 0xF0, 0x9D, 0x9B, 0x93, 0xF0, 0x9D, 0x9B, 0x9D, 0xF0, 0x9D,
    0x90, 0xB0, 0xF0, 0x9D, 0x90, 0xB1, 0xF0, 0x9D, 0x9B, 0x8F, 0xF0, 0x9D, 0x90, 0xB2, 0xF0, 0x9D,
    0x90, 0xB3, 0xF0, 0x9D, 0x9B, 0x87, 0xF0, 0x9D, 0x9D, 0x8A, 0xF0, 0x9D, 0x92, 0x97, 0xF0, 0x9D,
    0x9C, 0xBA, 0xF0, 0x9D, 0x9D, 0x92, 0xF0, 0x9D, 0x9D, 0x8B, 0xF0, 0x9D, 0x9D, 0x95, 0xF0, 0x9D,
    0x9D, 0x94, 0xF0, 0x9D, 0x9D, 0x87, 0xF0, 0x9D, 0x9D, 0x91, 0xF0, 0x9D, 0x92, 0x98, 0xF0, 0x9D,
    0x92, 0x99, 0xF0, 0x9D, 0x9D, 0x83, 0xF0, 0x9D, 0x92, 0x9A, 0xF0, 0x9D, 0x92, 0x9B, 0xF0, 0x9D,
    0x9C, 0xBB, 0xCF, 0xB6, 0xE2, 0x80, 0xB5, 0xE2, 0x88, 0xBD, 0xE2, 0x8B, 0x8D, 0x5C, 0xC2, 0xAF,
    0xE2, 0x8C, 0x85, 0xF0, 0x9D, 0x94, 0xB8, 0xF0, 0x9D, 0x94, 0xB9, 0xE2, 0x84, 0x82, 0xF0, 0x9D,
    0x94, 0xBB, 0xF0, 0x9D, 0x94, 0xBC, 0xF0, 0x9D, 0x94, 0xBD, 0xF0, 0x9D, 0x94, 0xBE, 0xE2, 0x84,
    0x8D, 0xF0, 0x9D, 0x95, 0x80, 0xF0, 0x9D, 0x95, 0x81, 0xF0, 0x9D, 0x95, 0x82, 0xF0, 0x9D, 0x95,
    0x83, 0xF0, 0x9D, 0x95, 0x84, 0xE2, 0x84, 0x95, 0xF0, 0x9D, 0x95, 0x86, 0xE2, 0x84, 0x99, 0xE2,
    0x84, 0x9A, 0xE2, 0x84, 0x9D, 0xF0, 0x9D, 0x95, 0x8A, 0xF0, 0x9D, 0x95, 0x8B, 0xF0, 0x9D, 0x95,
    0x8C, 0xF0, 0x9D, 0x95, 0x8D, 0xF0, 0x9D, 0x95, 0x8E, 0xF0, 0x9D, 0x95, 0x8F, 0xF0, 0x9D, 0x95,
    0x90, 0xE2, 0x84, 0xA4, 0xF0, 0x9D, 0x95, 0x92, 0xF0, 0x9D, 0x95, 0x93, 0xF0, 0x9D, 0x95, 0x94,
    0xF0, 0x9D, 0x95, 0x95, 0xF0, 0x9D, 0x95, 0x96, 0xF0, 0x9D, 0x95, 0x97, 0xF0, 0x9D, 0x95, 0x98,
    0xF0, 0x9D, 0x95, 0x99, 0xF0, 0x9D, 0x95, 0x9A, 0xF0, 0x9D, 0x95, 0x9B, 0xF0, 0x9D, 0x95, 0x9C,
    0xF0, 0x9D, 0x95, 0x9D, 0xF0, 0x9D, 0x95, 0x9E, 0xF0, 0x9D, 0x95, 0x9F, 0xF0, 0x9D, 0x95, 0xA0,
    0xF0, 0x9D, 0x95, 0xA1, 0xF0, 0x9D, 0x95, 0xA2, 0xF0, 0x9D, 0x95, 0xA3, 0xF0, 0x9D, 0x95, 0xA4,
    0xF0, 0x9D, 0x95, 0xA5, 0xF0, 0x9D, 0x95, 0xA6, 0xF0, 0x9D, 0x95, 0xA7, 0xF0, 0x9D, 0x95, 0xA8,
    0xF0, 0x9D, 0x95, 0xA9, 0xF0, 0x9D, 0x95, 0xAA, 0xF0, 0x9D, 0x95, 0xAB, 0xE2, 0x88, 0xB5, 0xCE,
    0xB2, 0xE2, 0x84, 0xB6, 0xE2, 0x89, 0xAC, 0xE2, 0x88, 0x90, 0xE2, 0x88, 0x90, 0xE2, 0x97, 0xBD,
    0xE2, 0x97, 0xBD, 0xE2, 0x8B, 0x82, 0xE2, 0x8B, 0x82, 0xE2, 0x8B, 0x83, 0xE2, 0x8B, 0x83, 0xE2,
    0xA8, 0x8C, 0xE2, 0xA8, 0x8C, 0xE2, 0x88, 0xAD, 0xE2, 0x88, 0xAD, 0xE2, 0x88, 0xAD, 0xE2, 0x88,
    0xAC, 0xE2, 0x88, 0xAC, 0xE2, 0x88, 0xAC, 0xE2, 0x88, 0xAB, 0xE2, 0x88, 0xAB, 0xE2, 0x88, 0xAB,
    0xE2, 0xA8, 0x80, 0xE2, 0xA8, 0x80, 0xE2, 0x88, 0xB0, 0xE2, 0x88, 0xB0, 0xE2, 0x88, 0xB0, 0xE2,
    0x88, 0xAF, 0xE2, 0x88, 0xAF, 0xE2, 0x88, 0xAF, 0xE2, 0x88, 0xAE, 0xE2, 0x88, 0xAE, 0xE2, 0x88,
    0xAE, 0xE2, 0xA8, 0x81, 0xE2, 0xA8, 0x81, 0xE2, 0xA8, 0x82, 0xE2, 0xA8, 0x82, 0xE2, 0xA8, 0x84,
    0xE2, 0xA8, 0x84, 0xE2, 0x88, 0x8F, 0xE2, 0x88, 0x8F, 0xE2, 0xA8, 0x85, 0xE2, 0xA8, 0x85, 0xE2,
    0xA8, 0x86, 0xE2, 0xA8, 0x86, 0xE2, 0x97, 0xBD, 0xE2, 0x97, 0xBD, 0xE2, 0x88, 0x91, 0xE2, 0x88,
    0x91, 0xE2, 0xA8, 0x8C, 0xE2, 0x88, 0xAD, 0xE2, 0x88, 0xAD, 0xE2, 0x88, 0xAC, 0xE2, 0x88, 0xAC,
    0xE2, 0x88, 0xAB, 0xE2, 0x88, 0xAB, 0xE2, 0x88, 0xB0, 0xE2, 0x88, 0xB0, 0xE2, 0x88, 0xAF, 0xE2,
    0x88, 0xAF, 0xE2, 0x88, 0xAE, 0xE2, 0x88, 0xAE, 0xE2, 0x8B, 0x81, 0xE2, 0x8B, 0x81, 0xE2, 0x8B,
    0x80, 0xE2, 0x8B, 0x80, 0xE2, 0x97, 0xAF, 0xE2, 0x98, 0x85, 0xE2, 0x96, 0xBD, 0xE2, 0x96, 0xB3,
    0x26, 0xE2, 0xA7, 0xAB, 0xE2, 0x98, 0xBB, 0xE2, 0x96, 0xA0, 0xE2, 0x96, 0xB4, 0xE2, 0x96, 0xBE,
    0xE2, 0x97, 0x82, 0xE2, 0x96, 0xB8, 0xE2, 0x8A, 0xA5, 0xE2, 0x96, 0xA1, 0xE2, 0xA7, 0x86, 0xE2,
    0xA7, 0x88, 0xE2, 0xA7, 0x85, 0xE2, 0xA7, 0x87, 0xE2, 0x8A, 0xA1, 0xE2, 0x8A, 0x9F, 0xE2, 0x8A,
    0x9E, 0xE2, 0xA7, 0x84, 0xE2, 0x8A, 0xA0, 0xCB, 0x98, 0xC2, 0xA6, 0xE2, 0x80, 0xA2, 0xE2, 0x89,
    0x8F, 0xF0, 0x9D, 0x92, 0x9C, 0xE2, 0x84, 0xAC, 0xF0, 0x9D, 0x92, 0x9E, 0xF0, 0x9D, 0x92, 0x9F,
    0xE2, 0x84, 0xB0, 0xE2, 0x84, 0xB1, 0xF0, 0x9D, 0x92, 0xA2, 0xE2, 0x84, 0x8B, 0xE2, 0x84, 0x90,
    0xF0, 0x9D, 0x92, 0xA5, 0xF0, 0x9D, 0x92, 0xA6, 0xE2, 0x84, 0x92, 0xE2, 0x84, 0xB3, 0xF0, 0x9D,
    0x92, 0xA9, 0xF0, 0x9D, 0x92, 0xAA, 0xF0, 0x9D, 0x92, 0xAB, 0xF0, 0x9D, 0x92, 0xAC, 0xE2, 0x84,
    0x9B, 0xF0, 0x9D, 0x92, 0xAE, 0xF0, 0x9D, 0x92, 0xAF, 0xF0, 0x9D, 0x92, 0xB0, 0xF0, 0x9D, 0x92,
    0xB1, 0xF0, 0x9D, 0x92, 0xB2, 0xF0, 0x9D, 0x92, 0xB3, 0xF0, 0x9D, 0x92, 0xB4, 0xF0, 0x9D, 0x92,
    0xB5, 0xF0, 0x9D, 0x92, 0xB6, 0xF0, 0x9D, 0x92, 0xB7, 0xF0, 0x9D, 0x92, 0xB8, 0xF0, 0x9D, 0x92,
    0xB9, 0xE2, 0x84, 0xAF, 0xF0, 0x9D, 0x92, 0xBB, 0xE2, 0x84, 0x8A, 0xF0, 0x9D, 0x92, 0xBD, 0xF0,
    0x9D, 0x92, 0xBE, 0xF0, 0x9D, 0x92, 0xBF, 0xF0, 0x9D, 0x93, 0x80, 0xF0, 0x9D, 0x93, 0x81, 0xF0,
    0x9D, 0x93, 0x82, 0xF0, 0x9D, 0x93, 0x83, 0xE2, 0x84, 0xB4, 0xF0, 0x9D, 0x93, 0x85, 0xF0, 0x9D,
    0x93, 0x86, 0xF0, 0x9D, 0x93, 0x87, 0xF0, 0x9D, 0x93, 0x88, 0xF0, 0x9D, 0x93, 0x89, 0xF0, 0x9D,
    0x93, 0x8A, 0xF0, 0x9D, 0x93, 0x8B, 0xF0, 0x9D, 0x93, 0x8C, 0xF0, 0x9D, 0x93, 0x8D, 0xF0, 0x9D,
    0x93, 0x8E, 0xF0, 0x9D, 0x93, 0x8F, 0xE2, 0x99, 0x8B, 0xE2, 0x88, 0xA9, 0xE2, 0x99, 0x91, 0xE2,
    0x8B, 0x85, 0xE2, 0x8B, 0xAF, 0xE2, 0x8B, 0x85, 0xC2, 0xB8, 0xC2, 0xA2, 0xC2, 0xB7, 0xCB, 0x87,
    0xE2, 0x9C, 0x93, 0xCF, 0x87, 0xE2, 0x88, 0x98, 0xE2, 0x89, 0x97, 0xE2, 0x86, 0xBA, 0xE2, 0x86,
    0xBB, 0xC2, 0xAE, 0xE2, 0x93, 0x88, 0xE2, 0x8A, 0x9B, 0xE2, 0x8A, 0x9A, 0xE2, 0x8A, 0x9D, 0xE2,
    0x99, 0xA3, 0x2C, 0xE2, 0x88, 0x81, 0xE2, 0x89, 0x85, 0xE2, 0x98, 0x8C, 0xC2, 0xA9, 0xE2, 0x88,
    0xAA, 0xE2, 0x8B, 0x9E, 0xE2, 0x8B, 0x9F, 0xE2, 0x8B, 0x8E, 0xE2, 0x8B, 0x8F, 0xC2, 0xA4, 0xE2,
    0x86, 0xB6, 0xE2, 0x86, 0xB7, 0xE2, 0x80, 0xA0, 0xE2, 0x80, 0xA0, 0xE2, 0x84, 0xB8, 0xE2, 0x8A,
    0xA3, 0xE2, 0x80, 0xA1, 0xE2, 0x80, 0xA1, 0xC2, 0xA8, 0xE2, 0x8B, 0xB1, 0xC2, 0xB0, 0xCE, 0xB4,
    0xE2, 0x98, 0x8B, 0xC3, 0xB0, 0xE2, 0x8C, 0x80, 0xE2, 0x8B, 0x84, 0xE2, 0x99, 0xA6, 0xCF, 0x9D,
    0xC3, 0xB7, 0xE2, 0x8B, 0x87, 0xCB, 0x99, 0xE2, 0x89, 0x90, 0xE2, 0x89, 0x91, 0xE2, 0x88, 0x94,
    0xE2, 0x8C, 0x86, 0xE2, 0x86, 0x93, 0xE2, 0x87, 0x8A, 0xE2, 0x87, 0x83, 0xE2, 0x87, 0x82, 0xE2,
    0x99, 0x81, 0xE2, 0x99, 0xAA, 0xE2, 0x84, 0x93, 0xE2, 0x88, 0x85, 0xCF, 0xB5, 0xE2, 0x89, 0x96,
    0xE2, 0x89, 0x82, 0xE2, 0xAA, 0x96, 0xE2, 0xAA, 0x95, 0x3D, 0xE2, 0x89, 0xA1, 0xCE, 0xB7, 0xE2,
    0x88, 0x83, 0xE2, 0x88, 0xA7, 0xE2, 0x89, 0x92, 0xE2, 0x99, 0x80, 0xE2, 0x99, 0xAD, 0xC2, 0xA1,
    0xC2, 0xBF, 0xE2, 0x88, 0x80, 0xF0, 0x9D, 0x94, 0x84, 0xF0, 0x9D, 0x94, 0x85, 0xE2, 0x84, 0xAD,
    0xF0, 0x9D, 0x94, 0x87, 0xF0, 0x9D, 0x94, 0x88, 0xF0, 0x9D, 0x94, 0x89, 0xF0, 0x9D, 0x94, 0x8A,
    0xE2, 0x84, 0x8C, 0xE2, 0x84, 0x91, 0xF0, 0x9D, 0x94, 0x8D, 0xF0, 0x9D, 0x94, 0x8E, 0xF0, 0x9D,
    0x94, 0x8F, 0xF0, 0x9D, 0x94, 0x90, 0xF0, 0x9D, 0x94, 0x91, 0xF0, 0x9D, 0x94, 0x92, 0xF0, 0x9D,
    0x94, 0x93, 0xF0, 0x9D, 0x94, 0x94, 0xE2, 0x84, 0x9C, 0xF0, 0x9D, 0x94, 0x96, 0xF0, 0x9D, 0x94,
    0x97, 0xF0, 0x9D, 0x94, 0x98, 0xF0, 0x9D, 0x94, 0x99, 0xF0, 0x9D, 0x94, 0x9A, 0xF0, 0x9D, 0x94,
    0x9B, 0xF0, 0x9D, 0x94, 0x9C, 0xE2, 0x84, 0xA8, 0xF0, 0x9D, 0x94, 0x9E, 0xF0, 0x9D, 0x94, 0x9F,
    0xF0, 0x9D, 0x94, 0xA0, 0xF0, 0x9D, 0x94, 0xA1, 0xF0, 0x9D, 0x94, 0xA2, 0xF0, 0x9D, 0x94, 0xA3,
    0xF0, 0x9D, 0x94, 0xA4, 0xF0, 0x9D, 0x94, 0xA5, 0xF0, 0x9D, 0x94, 0xA6, 0xF0, 0x9D, 0x94, 0xA7,
    0xF0, 0x9D, 0x94, 0xA8, 0xF0, 0x9D, 0x94, 0xA9, 0xF0, 0x9D, 0x94, 0xAA, 0xF0, 0x9D, 0x94, 0xAB,
    0xF0, 0x9D, 0x94, 0xAC, 0xF0, 0x9D, 0x94, 0xAD, 0xF0, 0x9D, 0x94, 0xAE, 0xF0, 0x9D, 0x94, 0xAF,
    0xF0, 0x9D, 0x94, 0xB0, 0xF0, 0x9D, 0x94, 0xB1, 0xF0, 0x9D, 0x94, 0xB2, 0xF0, 0x9D, 0x94, 0xB3,
    0xF0, 0x9D, 0x94, 0xB4, 0xF0, 0x9D, 0x94, 0xB5, 0xF0, 0x9D, 0x94, 0xB6, 0xF0, 0x9D, 0x94, 0xB7,
    0xE2, 0x8C, 0xA2, 0xE2, 0x98, 0xB9, 0xE2, 0x97, 0x8B, 0xF0, 0x9D, 0x85, 0x9D, 0xCE, 0xB3, 0xE2,
    0x89, 0xA5, 0xE2, 0x99, 0x8A, 0xE2, 0x89, 0xA5, 0xE2, 0x89, 0xA7, 0xE2, 0xA9, 0xBE, 0xE2, 0x89,
    0xAB, 0xE2, 0x8B, 0x99, 0xE2, 0x84, 0xB7, 0xE2, 0xAA, 0x8A, 0xE2, 0xAA, 0x88, 0xE2, 0x89, 0xA9,
    0xE2, 0x8B, 0xA7, 0x60, 0x3E, 0xE2, 0xAA, 0x86, 0xE2, 0x8B, 0x97, 0xE2, 0x8B, 0x9B, 0xE2, 0xAA,
    0x8C, 0xE2, 0x89, 0xB7, 0xE2, 0x89, 0xB3, 0xC2, 0xAB, 0xC2, 0xBB, 0xF0, 0x9D, 0x85, 0x9E, 0xE2,
    0x84, 0x8F, 0xE2, 0x99, 0xA5, 0xE2, 0x86, 0xA9, 0xE2, 0x86, 0xAA, 0xE2, 0x84, 0x8F, 0xC2, 0xAD,
    0xC4, 0xB1, 0xE2, 0xA8, 0x8C, 0xE2, 0xA8, 0x8C, 0xE2, 0x88, 0xAD, 0xE2, 0x88, 0xAD, 0xE2, 0x88,
    0xAC, 0xE2, 0x88, 0xAC, 0xC4, 0xB1, 0xE2, 0x88, 0x88, 0xE2, 0x88, 0x9E, 0xE2, 0x88, 0xAB, 0xE2,
    0x8A, 0xBA, 0xE2, 0xAB, 0xB4, 0xE2, 0x88, 0xAB, 0xCC, 0x91, 0xE2, 0x8C, 0x90, 0xCE, 0xB9, 0xE2,
    0x8B, 0x88, 0xE2, 0x99, 0x83, 0xCE, 0xBA, 0xE2, 0x80, 0x96, 0xCE, 0xBB, 0xE2, 0x9F, 0xA8, 0x28,
    0x28, 0x29, 0x29, 0x5B, 0x5B, 0x5D, 0x5D, 0x3E, 0xE2, 0x80, 0x96, 0xE2, 0x80, 0x96, 0xE2, 0x9F,
    0xA8, 0xE2, 0x9F, 0xA8, 0xE2, 0x8C, 0x88, 0xE2, 0x8C, 0x88, 0x3C, 0xE2, 0x8C, 0x8A, 0xE2, 0x8C,
    0x8A, 0xE2, 0x9F, 0xA6, 0xE2, 0x9F, 0xA6, 0x7C, 0x7C, 0xE2, 0x80, 0x96, 0xE2, 0x80, 0x96, 0xE2,
    0x9F, 0xA9, 0xE2, 0x9F, 0xA9, 0xE2, 0x8C, 0x89, 0xE2, 0x8C, 0x89, 0xE2, 0x8C, 0x8B, 0xE2, 0x8C,
    0x8B, 0xE2, 0x9F, 0xA7, 0xE2, 0x9F, 0xA7, 0x7C, 0x7C, 0xE2, 0x88, 0x9A, 0x7B, 0x7B, 0x7C, 0x7C,
    0xE2, 0x80, 0x96, 0xE2, 0x80, 0x96, 0x7D, 0x7D, 0xE2, 0x8C, 0x88, 0xE2, 0x80, 0xA6, 0xE2, 0x89,
    0xA4, 0xE2, 0x86, 0x90, 0xE2, 0x86, 0x90, 0xE2, 0x86, 0xA2, 0xE2, 0x87, 0xBD, 0xE2, 0x86, 0xBD,
    0xE2, 0x86, 0xBC, 0xE2, 0x87, 0x87, 0xE2, 0x98, 0xBE, 0xE2, 0x86, 0x94, 0xE2, 0x86, 0x94, 0xE2,
    0x87, 0x86, 0xE2, 0x87, 0xBF, 0xE2, 0x87, 0x8B, 0xE2, 0x86, 0xAD, 0xE2, 0xAA, 0xA6, 0xE2, 0x86,
    0x9C, 0xE2, 0x8B, 0x8B, 0xE2, 0xA5, 0x80, 0xE2, 0x99, 0x8C, 0xE2, 0x89, 0xA4, 0xE2, 0x89, 0xA6,
    0xE2, 0xA9, 0xBD, 0x3C, 0xE2, 0xAA, 0x85, 0xE2, 0x8B, 0x96, 0xE2, 0x8B, 0x9A, 0xE2, 0xAA, 0x8B,
    0xE2, 0x89, 0xB6, 0xE2, 0x89, 0xB2, 0xE2, 0x8C, 0x8A, 0xE2, 0x8A, 0xB2, 0xE2, 0x99, 0x8E, 0xE2,
    0x86, 0xAF, 0xE2, 0x89, 0xAA, 0xE2, 0x9F, 0xAA, 0xE2, 0x9F, 0xA6, 0xE2, 0x8C, 0x9E, 0xE2, 0x8B,
    0x98, 0xE2, 0xA6, 0x87, 0xE2, 0xAA, 0x89, 0xE2, 0xAA, 0x87, 0xE2, 0x89, 0xA8, 0xE2, 0x8B, 0xA6,
    0xE2, 0x86, 0x93, 0xEF, 0xBC, 0x9D, 0xEF, 0xBC, 0x9D, 0xE2, 0x9F, 0xB5, 0xE2, 0x9F, 0xB5, 0xE2,
    0x9F, 0xB7, 0xE2, 0x9F, 0xB7, 0xE2, 0x9F, 0xBB, 0xE2, 0x9F, 0xBC, 0xE2, 0x9F, 0xBC, 0xEF, 0xBC,
    0x8D, 0xE2, 0x9F, 0xB6, 0xE2, 0x9F, 0xB6, 0xE2, 0x86, 0x9E, 0xE2, 0x86, 0xA0, 0xE2, 0x86, 0x91,
    0xE2, 0x86, 0x95, 0xE2, 0x86, 0xAB, 0xE2, 0x86, 0xAC, 0xE2, 0x97, 0x8A, 0xE2, 0x8C, 0x9F, 0xE2,
    0x8B, 0x89, 0x7C, 0xE2, 0x99, 0x82, 0xE2, 0x9C, 0xA0, 0xE2, 0x86, 0xA4, 0xE2, 0x86, 0xA6, 0xE2,
    0x86, 0xA6, 0xE2, 0x99, 0x82, 0xC2, 0xBA, 0x44, 0xCE, 0x93, 0xCE, 0x94, 0x43, 0x64, 0x65, 0xCE,
    0xB3, 0x69, 0x6A, 0xCE, 0xBB, 0xE2, 0x84, 0xBC, 0xCF, 0x80, 0xE2, 0x88, 0xA1, 0xE2, 0x98, 0xBF,
    0xE2, 0xA8, 0x87, 0xE2, 0x88, 0xA3, 0xE2, 0x88, 0x92, 0xE2, 0xA6, 0xB5, 0xE2, 0x8A, 0xA7, 0xE2,
    0x88, 0x93, 0xCE, 0xBC, 0xE2, 0x8A, 0xB8, 0xE2, 0x87, 0x8D, 0xE2, 0x87, 0x8E, 0xE2, 0x87, 0x8F,
    0xE2, 0x8A, 0xAF, 0xE2, 0x8A, 0xAE, 0xE2, 0x88, 0x87, 0xE2, 0x89, 0x89, 0xE2, 0x89, 0xAD, 0xE2,
    0x99, 0xAE, 0xE2, 0x80, 0x91, 0xE2, 0x89, 0x87, 0xE2, 0x86, 0x97, 0xC2, 0xAC, 0xE2, 0x99, 0x86,
    0xE2, 0x89, 0xA0, 0xE2, 0x89, 0xA2, 0xE2, 0x97, 0x8F, 0xE2, 0x88, 0x84, 0xE2, 0x89, 0xB1, 0xE2,
    0x89, 0xAF, 0xE2, 0x88, 0x8B, 0xE2, 0x88, 0x89, 0xE2, 0x86, 0x9A, 0xE2, 0x86, 0xAE, 0xE2, 0x89,
    0xB0, 0xE2, 0x89, 0xAE, 0xE2, 0x88, 0xA4, 0xE2, 0x88, 0x8C, 0xE2, 0x80, 0x8B, 0xE2, 0x81, 0xA3,
    0xE2, 0x81, 0xA4, 0xE2, 0x81, 0xA1, 0xE2, 0x80, 0x8B, 0xE2, 0x81, 0xA2, 0xE2, 0x88, 0x89, 0xE2,
    0x88, 0x8C, 0xE2, 0x88, 0xA6, 0xE2, 0x8A, 0x80, 0xE2, 0x8B, 0xA0, 0xE2, 0x86, 0x9B, 0xE2, 0x88,
    0xA4, 0xE2, 0x88, 0xA6, 0xE2, 0x89, 0x81, 0xE2, 0x89, 0x84, 0xE2, 0x8B, 0xA2, 0xE2, 0x8B, 0xA3,
    0xE2, 0x8A, 0x84, 0xE2, 0x8A, 0x88, 0xE2, 0x8A, 0x81, 0xE2, 0x8B, 0xA1, 0xE2, 0x8A, 0x85, 0xE2,
    0x8A, 0x89, 0xE2, 0x8B, 0xAA, 0xE2, 0x8B, 0xAC, 0xE2, 0x8B, 0xAB, 0xE2, 0x8B, 0xAD, 0xCE, 0xBD,
    0xE2, 0x8A, 0xAD, 0xE2, 0x8A, 0xAC, 0xE2, 0x86, 0x96, 0xC3, 0xB8, 0xE2, 0x96, 0xAF, 0xE2, 0x8A,
    0x99, 0xC5, 0x93, 0x3A, 0xE2, 0x88, 0xB0, 0xE2, 0x88, 0xB0, 0xE2, 0x88, 0xAF, 0xE2, 0x88, 0xAF,
    0xE2, 0x88, 0xAE, 0xE2, 0x88, 0xAE, 0xCF, 0x89, 0xCE, 0xBF, 0xE2, 0x8A, 0x96, 0xC2, 0xBD, 0xC2,
    0xBC, 0xC2, 0xB9, 0xE2, 0x8A, 0x95, 0xE2, 0x98, 0x8D, 0xE2, 0x8C, 0xA5, 0xC2, 0xAA, 0xE2, 0x8A,
    0x98, 0xE2, 0x8A, 0x97, 0xC2, 0xB6, 0xE2, 0x88, 0xA5, 0xE2, 0x88, 0x82, 0xE2, 0x80, 0xB0, 0xE2,
    0x8A, 0xA5, 0xCF, 0x95, 0xE2, 0x98, 0x8E, 0xCF, 0x80, 0xE2, 0x99, 0x93, 0xE2, 0x8B, 0x94, 0xE2,
    0x8C, 0x98, 0xE2, 0xA8, 0x84, 0xE2, 0x99, 0x87, 0xC2, 0xB1, 0xE2, 0x89, 0xBA, 0xE2, 0xAA, 0xB7,
    0xE2, 0x89, 0xBC, 0xE2, 0xAA, 0xAF, 0xE2, 0xAA, 0xB9, 0xE2, 0xAA, 0xB5, 0xE2, 0x8B, 0xA8, 0xE2,
    0x89, 0xBE, 0xE2, 0x80, 0xB2, 0xE2, 0x88, 0x8F, 0xE2, 0x88, 0x9D, 0xCF, 0x88, 0xE2, 0x99, 0xA9,
    0xE2, 0x80, 0x96, 0xE2, 0x9F, 0xA9, 0xE2, 0x8C, 0x89, 0xE2, 0x8C, 0x95, 0xE2, 0x8C, 0x8B, 0xE2,
    0x8A, 0xB3, 0xCF, 0x81, 0xE2, 0x86, 0x92, 0xE2, 0x86, 0x92, 0xE2, 0x86, 0xA3, 0xE2, 0x87, 0xBE,
    0xE2, 0x87, 0x81, 0xE2, 0x87, 0x80, 0xE2, 0x87, 0x84, 0xE2, 0x87, 0x8C, 0xE2, 0x98, 0xBD, 0xE2,
    0x87, 0x89, 0xE2, 0xAA, 0xA7, 0xE2, 0x86, 0x9D, 0xE2, 0x8B, 0x8C, 0xE2, 0xA5, 0x81, 0xE2, 0x89,
    0x93, 0xE2, 0x9F, 0xAB, 0xE2, 0x9F, 0xA7, 0xE2, 0xA6, 0x88, 0xE2, 0x8B, 0x8A, 0x7C, 0xE2, 0x99,
    0x90, 0xE2, 0x99, 0x84, 0xE2, 0x99, 0x8F, 0xE2, 0x86, 0x98, 0xE2, 0x88, 0x96, 0xE2, 0x99, 0xAF,
    0xE2, 0x88, 0xA3, 0xE2, 0x88, 0xA5, 0xCF, 0x83, 0xE2, 0x88, 0xBC, 0xE2, 0x89, 0x83, 0xE2, 0x88,
    0x96, 0xE2, 0x8C, 0xA3, 0xE2, 0x98, 0xBA, 0xE2, 0x99, 0xA0, 0xE2, 0x88, 0xA2, 0xE2, 0x8A, 0x93,
    0xE2, 0x8A, 0x94, 0xE2, 0x88, 0x9A, 0xE2, 0x8A, 0x8F, 0xE2, 0x8A, 0x91, 0xE2, 0x8A, 0x90, 0xE2,
    0x8A, 0x92, 0xE2, 0x97, 0xBD, 0xE2, 0x8B, 0x86, 0xC2, 0xA3, 0xE2, 0x8A, 0x82, 0xE2, 0x8A, 0x86,
    0xE2, 0xAB, 0x85, 0xE2, 0x8A, 0x8A, 0xE2, 0xAB, 0x8B, 0xE2, 0x89, 0xBB, 0xE2, 0xAA, 0xB8, 0xE2,
    0x89, 0xBD, 0xE2, 0xAA, 0xB0, 0xE2, 0xAA, 0xBA, 0xE2, 0xAA, 0xB6, 0xE2, 0x8B, 0xA9, 0xE2, 0x89,
    0xBF, 0x3A, 0xE2, 0x88, 0x91, 0xE2, 0x98, 0xBC, 0xE2, 0x8A, 0x83, 0xE2, 0x8A, 0x87, 0xE2, 0xAB,
    0x86, 0xE2, 0x8A, 0x8B, 0xE2, 0xAB, 0x8C, 0xE2, 0x86, 0x99, 0xC3, 0x9F, 0xE2, 0x8C, 0xB8, 0xCF,
    0x84, 0xE2, 0x99, 0x89, 0xE2, 0x88, 0xB4, 0xCE, 0xB8, 0xC3, 0xBE, 0xC2, 0xBE, 0xC2, 0xB3, 0xC3,
    0x97, 0xE2, 0x86, 0x92, 0xE2, 0x8A, 0xA4, 0xE2, 0x84, 0xA2, 0xE2, 0x96, 0xB3, 0xE2, 0x96, 0xBF,
    0xE2, 0x97, 0x83, 0xE2, 0x8A, 0xB4, 0xE2, 0x89, 0x9C, 0xE2, 0x96, 0xB9, 0xE2, 0x8A, 0xB5, 0xE2,
    0x86, 0x9E, 0xE2, 0x86, 0xA0, 0xE2, 0x99, 0xAB, 0xC2, 0xB2, 0xE2, 0x8B, 0xB0, 0xE2, 0x8C, 0x9C,
    0xE2, 0x88, 0x92, 0xE2, 0x88, 0x93, 0xE2, 0x8A, 0xB4, 0xE2, 0x8A, 0xB5, 0xE2, 0x86, 0x91, 0xE2,
    0x86, 0x95, 0xE2, 0x86, 0xBF, 0xE2, 0x86, 0xBE, 0xE2, 0xA8, 0x8C, 0xE2, 0xA8, 0x8C, 0xE2, 0x88,
    0xAD, 0xE2, 0x88, 0xAD, 0xE2, 0x88, 0xAC, 0xE2, 0x88, 0xAC, 0xE2, 0x88, 0xAB, 0xE2, 0x88, 0xAB,
    0x2B, 0xE2, 0x8A, 0x8E, 0xC2, 0xB1, 0xE2, 0x88, 0xB0, 0xE2, 0x88, 0xB0, 0xE2, 0x88, 0xAF, 0xE2,
    0x88, 0xAF, 0xE2, 0x88, 0xAE, 0xE2, 0x88, 0xAE, 0xCF, 0x85, 0xE2, 0x87, 0x88, 0xE2, 0x99, 0x85,
    0xE2, 0x8C, 0x9D, 0xE2, 0x8A, 0xA8, 0xF0, 0x9D, 0x9B, 0xBA, 0xE2, 0x88, 0xA2, 0xE2, 0x97, 0xAF,
    0xCE, 0xB5, 0xCF, 0xB0, 0xE2, 0x86, 0xAF, 0xE2, 0x88, 0x85, 0xE2, 0x8A, 0x9B, 0xE2, 0xA6, 0xB6,
    0xE2, 0xA6, 0xB8, 0xE2, 0x8A, 0x9A, 0xE2, 0x8A, 0x99, 0xE2, 0x8A, 0x96, 0xE2, 0x8A, 0x95, 0xE2,
    0x8A, 0x98, 0xE2, 0x8A, 0x97, 0xCF, 0x86, 0xCF, 0x96, 0xCF, 0xB1, 0xCF, 0x82, 0xC2, 0xA0, 0x7C,
    0xCF, 0x91, 0xE2, 0x96, 0xB5, 0xE2, 0x8A, 0xB2, 0xE2, 0x8A, 0xB3, 0xE2, 0x8A, 0xA2, 0xE2, 0x8B,
    0xAE, 0xE2, 0x88, 0xA8, 0xE2, 0x8A, 0xBB, 0xE2, 0x99, 0x80, 0xE2, 0x99, 0x8D, 0xE2, 0x99, 0x81,
    0xE2, 0x98, 0x90, 0xE2, 0x97, 0x87, 0xE2, 0x8A, 0xB2, 0xE2, 0x8A, 0xB3, 0xE2, 0x8A, 0x8F, 0xE2,
    0x8A, 0x90, 0xE2, 0x88, 0xB4, 0xE2, 0x8A, 0xB4, 0xE2, 0x8A, 0xB5, 0xE2, 0x88, 0xA7, 0xE2, 0x84,
    0x98, 0xE2, 0x89, 0x80, 0xCE, 0xBE, 0xC2, 0xA5, 0xCE, 0xB6, 0xE2, 0x80, 0x96,
};

static const int cork_to_utf8_special_count = 3;
static const cork_slice cork_to_utf8_special_keys[3] = {
    {0, 2}, {2, 3}, {5, 3},
};
static const unsigned char cork_to_utf8_special_key_pool[8] = {
    0x25, 0x18, 0x25, 0x18, 0x18, 0x2E, 0x2E, 0x2E,
};
static const cork_slice cork_to_utf8_special_values[3] = {
    {0, 3}, {3, 3}, {6, 3},
};
static const unsigned char cork_to_utf8_special_value_pool[9] = {
    0xE2, 0x80, 0xB0, 0xE2, 0x80, 0xB1, 0xE2, 0x80, 0xA6,
};

static const int strict_cork_to_utf8_entity_count = 1179;
// strict_cork_to_utf8 entity table: subset of cork_to_utf8_entity,
// minus symbol-unicode-fallback.scm. Reuses the same key/value byte pools.
static const int strict_cork_to_utf8_entity_indices[1179] = {
    0, 1, 2, 3, 4, 5, 6, 7, 8, 9, 10, 11, 12, 13, 14, 15,
    16, 17, 18, 19, 20, 21, 22, 23, 24, 25, 26, 27, 28, 29, 30, 31,
    32, 33, 34, 35, 36, 37, 38, 39, 41, 42, 43, 44, 45, 46, 49, 50,
    51, 52, 53, 54, 55, 56, 57, 58, 59, 60, 61, 62, 63, 64, 65, 66,
    67, 68, 69, 70, 71, 72, 73, 74, 75, 76, 77, 78, 79, 80, 81, 82,
    83, 84, 85, 86, 87, 88, 89, 90, 91, 92, 93, 94, 95, 96, 97, 98,
    99, 100, 101, 102, 103, 104, 105, 106, 107, 108, 109, 110, 111, 112, 113, 114,
    115, 116, 117, 118, 119, 120, 121, 122, 123, 124, 125, 126, 127, 128, 129, 130,
    131, 132, 133, 134, 135, 136, 137, 138, 139, 140, 141, 142, 143, 144, 145, 146,
    147, 148, 149, 150, 151, 152, 153, 154, 155, 156, 157, 158, 159, 160, 161, 162,
    163, 164, 165, 166, 167, 168, 169, 170, 171, 172, 173, 174, 175, 176, 177, 178,
    179, 180, 181, 182, 183, 184, 185, 186, 187, 188, 189, 190, 191, 192, 193, 194,
    195, 196, 197, 198, 199, 200, 201, 202, 203, 204, 205, 206, 207, 208, 209, 210,
    211, 212, 213, 214, 215, 216, 217, 218, 219, 220, 221, 222, 223, 224, 225, 226,
    227, 228, 229, 230, 231, 232, 233, 234, 235, 236, 237, 238, 239, 240, 241, 242,
    243, 244, 245, 246, 247, 248, 249, 250, 251, 252, 253, 254, 255, 256, 257, 258,
    259, 260, 261, 262, 263, 264, 265, 266, 267, 268, 269, 270, 271, 272, 273, 274,
    275, 276, 277, 278, 279, 280, 281, 282, 283, 284, 285, 286, 287, 288, 289, 290,
    291, 292, 293, 294, 295, 296, 297, 298, 299, 300, 301, 302, 303, 304, 305, 306,
    307, 308, 309, 310, 311, 312, 313, 314, 315, 316, 317, 318, 319, 320, 321, 322,
    323, 324, 325, 326, 327, 328, 329, 330, 331, 332, 333, 334, 335, 336, 337, 338,
    339, 340, 341, 342, 343, 344, 345, 346, 347, 348, 349, 350, 351, 352, 353, 354,
    355, 356, 357, 358, 359, 360, 361, 362, 363, 364, 365, 366, 367, 368, 369, 370,
    371, 372, 373, 374, 375, 376, 377, 378, 379, 380, 381, 382, 383, 384, 385, 386,
    387, 388, 389, 390, 391, 392, 393, 394, 395, 396, 397, 398, 399, 400, 401, 402,
    403, 404, 405, 406, 407, 408, 409, 410, 411, 412, 413, 414, 415, 416, 417, 418,
    419, 420, 421, 422, 423, 424, 425, 426, 427, 428, 429, 430, 431, 432, 433, 434,
    435, 436, 437, 438, 439, 440, 441, 442, 443, 444, 445, 446, 447, 448, 449, 450,
    451, 452, 453, 454, 455, 456, 457, 458, 459, 460, 461, 462, 463, 464, 465, 466,
    467, 468, 469, 470, 471, 472, 473, 474, 475, 476, 477, 478, 479, 480, 481, 482,
    483, 484, 485, 486, 487, 488, 489, 490, 491, 492, 493, 494, 495, 496, 497, 498,
    499, 500, 501, 502, 503, 504, 505, 506, 507, 508, 509, 510, 511, 512, 513, 514,
    515, 516, 517, 518, 519, 520, 521, 522, 523, 524, 525, 526, 527, 528, 529, 530,
    531, 532, 533, 534, 535, 536, 537, 538, 539, 540, 541, 542, 543, 544, 545, 546,
    547, 548, 549, 550, 551, 552, 553, 554, 555, 556, 557, 558, 559, 560, 561, 562,
    563, 564, 565, 566, 567, 568, 569, 570, 571, 572, 573, 574, 575, 576, 577, 578,
    579, 580, 581, 582, 583, 584, 585, 586, 587, 588, 589, 590, 591, 592, 593, 594,
    595, 596, 597, 598, 599, 600, 601, 602, 603, 604, 605, 606, 607, 608, 609, 610,
    611, 612, 613, 614, 615, 616, 617, 618, 619, 620, 621, 622, 623, 624, 625, 626,
    627, 628, 629, 630, 631, 632, 633, 634, 635, 636, 637, 638, 639, 640, 641, 642,
    643, 644, 645, 646, 647, 648, 649, 650, 651, 652, 653, 654, 655, 656, 657, 658,
    659, 660, 661, 662, 663, 664, 665, 666, 667, 668, 669, 670, 671, 672, 673, 674,
    675, 676, 677, 678, 679, 680, 681, 682, 683, 684, 685, 686, 687, 688, 689, 690,
    691, 692, 693, 694, 695, 696, 697, 698, 699, 700, 701, 702, 703, 704, 705, 706,
    707, 708, 709, 710, 711, 712, 713, 714, 715, 716, 717, 718, 719, 720, 721, 722,
    723, 724, 725, 726, 727, 728, 729, 730, 731, 732, 733, 734, 735, 736, 737, 738,
    739, 740, 741, 742, 743, 744, 745, 746, 747, 748, 749, 750, 751, 752, 753, 754,
    755, 756, 757, 758, 759, 760, 761, 762, 763, 764, 765, 766, 767, 768, 769, 770,
    771, 772, 773, 774, 775, 776, 777, 778, 779, 780, 781, 782, 783, 784, 785, 786,
    787, 788, 789, 790, 791, 792, 793, 794, 795, 796, 797, 798, 799, 800, 801, 802,
    803, 804, 805, 806, 807, 808, 809, 810, 811, 812, 813, 814, 815, 816, 817, 818,
    819, 820, 821, 822, 823, 824, 825, 826, 827, 828, 829, 830, 831, 832, 833, 834,
    835, 836, 837, 838, 839, 840, 841, 842, 843, 844, 846, 847, 848, 849, 850, 851,
    852, 853, 854, 855, 856, 857, 862, 863, 864, 865, 866, 867, 868, 869, 870, 871,
    872, 873, 874, 875, 876, 877, 878, 879, 880, 881, 882, 883, 884, 885, 886, 887,
    888, 889, 890, 891, 892, 893, 894, 895, 896, 897, 898, 899, 900, 901, 902, 903,
    904, 905, 906, 907, 908, 909, 910, 911, 912, 913, 914, 915, 916, 917, 918, 919,
    920, 921, 922, 923, 924, 925, 926, 927, 928, 929, 930, 931, 932, 933, 934, 935,
    936, 937, 938, 939, 940, 941, 942, 943, 944, 945, 946, 947, 948, 949, 950, 951,
    952, 953, 954, 955, 956, 957, 958, 959, 960, 961, 962, 963, 964, 965, 966, 967,
    968, 969, 970, 971, 972, 973, 974, 975, 976, 977, 978, 979, 980, 981, 982, 983,
    984, 985, 986, 987, 988, 989, 990, 991, 992, 993, 994, 995, 996, 997, 998, 999,
    1000, 1001, 1002, 1003, 1004, 1005, 1006, 1007, 1008, 1009, 1010, 1011, 1012, 1013, 1014, 1015,
    1016, 1017, 1018, 1019, 1020, 1021, 1022, 1023, 1024, 1025, 1026, 1027, 1028, 1029, 1030, 1031,
    1032, 1033, 1034, 1035, 1036, 1037, 1038, 1039, 1040, 1041, 1042, 1043, 1044, 1045, 1046, 1047,
    1048, 1049, 1050, 1051, 1052, 1053, 1054, 1055, 1056, 1057, 1058, 1059, 1060, 1061, 1062, 1063,
    1064, 1065, 1066, 1067, 1068, 1069, 1070, 1071, 1072, 1073, 1074, 1075, 1076, 1077, 1078, 1079,
    1080, 1081, 1082, 1083, 1084, 1085, 1086, 1087, 1088, 1089, 1090, 1091, 1092, 1093, 1094, 1095,
    1096, 1097, 1098, 1099, 1100, 1101, 1102, 1103, 1104, 1105, 1106, 1107, 1108, 1109, 1110, 1111,
    1112, 1113, 1114, 1115, 1116, 1117, 1118, 1119, 1120, 1121, 1122, 1123, 1124, 1125, 1126, 1127,
    1128, 1129, 1130, 1131, 1132, 1133, 1134, 1135, 1136, 1137, 1138, 1139, 1140, 1141, 1142, 1143,
    1144, 1145, 1146, 1147, 1148, 1149, 1150, 1151, 1152, 1153, 1154, 1155, 1156, 1157, 1158, 1159,
    1160, 1161, 1162, 1163, 1164, 1165, 1166, 1167, 1168, 1169, 1170, 1171, 1172, 1173, 1174, 1175,
    1176, 1177, 1178, 1179, 1180, 1181, 1182, 1183, 1184, 1185, 1186,
};

